episode;step;epsilon;potential_wind#0;action_wind#0;power_wind#0;idx_wind#0;potential_battery#0;action_battery#0;power_battery#0;idx_battery#0;soc_battery#0;soc_idx_battery#0;potential_grid#0;action_grid#0;power_grid#0;idx_grid#0;env_price;env_price_idx;env_renewable_potential;env_renewable_potential_idx;env_total_renewable;env_total_renewable_idx;env_total_power;env_total_power_idx;env_demand_power;env_demand_power_idx;env_grid_power;env_grid_power_idx;env_energy_balance;env_energy_balance_idx;env_delta_power_idx;reward_wind#0;reward_battery#0;reward_grid#0;env_delta_ph_initial;env_delta_ph_final;env_delta_ph_norm;env_delta_ph_idx;env_real_balance;env_real_balance_norm;env_real_balance_idx
0;-1;0,000000;;;0,000000;0;;;0,000000;0;0,115055;0;;;0,000000;0;0,000000;0;0,000000;0;0,000000;0;0,000000;0;0,000000;0;0,000000;0;0,000000;0;surplus;0,000000;0,000000;0,000000;;;;;;;
0;0;0,050000;156249,000000;0,000000;0,000000;1;0,000000;1,000000;0,000000;0;0,115055;0;196000,000000;0,000000;0,000000;0;1,000000;0;156249,000000;0;0,000000;0;0,000000;0;196000,000000;1;0,000000;0;-196000,000000;0;;1,000000;-1,000000;1,000000;-39751,000000;-39751,000000;-0,132503;-1,000000;-196000,000000;-0,653333;-1,000000
0;1;0,050000;174999,000000;0,000000;0,000000;1;0,000000;1,000000;0,000000;0;0,115055;0;199390,000000;0,000000;0,000000;0;1,000000;0;174999,000000;0;0,000000;0;0,000000;0;199390,000000;1;0,000000;0;-199390,000000;0;;1,000000;-1,000000;1,000000;-24391,000000;-24391,000000;-0,081303;-1,000000;-199390,000000;-0,664633;-1,000000
0;2;0,050000;193749,000000;0,000000;0,000000;1;0,000000;1,000000;0,000000;0;0,115055;0;200000,000000;0,000000;0,000000;0;1,000000;0;193749,000000;0;0,000000;0;0,000000;0;200000,000000;1;0,000000;0;-200000,000000;0;;1,000000;-1,000000;1,000000;-6251,000000;-6251,000000;-0,020837;-1,000000;-200000,000000;-0,666667;-1,000000
0;3;0,050000;81249,000000;0,000000;0,000000;1;0,000000;1,000000;0,000000;0;0,115055;0;221560,000000;0,000000;0,000000;0;1,000000;0;81249,000000;0;0,000000;0;0,000000;0;221560,000000;1;0,000000;0;-221560,000000;0;;1,000000;-1,000000;1,000000;-140311,000000;-140311,000000;-0,467703;-1,000000;-221560,000000;-0,738533;-1,000000
0;4;0,050000;184014,000000;0,000000;0,000000;1;0,000000;1,000000;0,000000;0;0,115055;0;220000,000000;0,000000;0,000000;0;1,000000;0;184014,000000;0;0,000000;0;0,000000;0;220000,000000;1;0,000000;0;-220000,000000;0;;1,000000;-1,000000;1,000000;-35986,000000;-35986,000000;-0,119953;-1,000000;-220000,000000;-0,733333;-1,000000
0;5;0,050000;286185,000000;1,000000;286185,000000;1;45865,000000;1,000000;-45865,000000;0;0,116966;0;0,000000;0,000000;0,000000;0;1,000000;0;85500,000000;0;286185,000000;1;286185,000000;1;286185,000000;1;0,000000;0;0,000000;0;;1,000000;0,883034;1,000000;131365,000000;-154820,000000;-0,516067;-1,000000;45865,000000;0,152883;1,000000
0;6;0,050000;287499,000000;1,000000;287499,000000;1;54619,000000;1,000000;-54619,000000;0;0,119241;0;0,000000;0,000000;0,000000;0;1,000000;0;171000,000000;0;287499,000000;1;287499,000000;1;287499,000000;1;0,000000;0;0,000000;0;;1,000000;0,880759;1,000000;225619,000000;-61880,000000;-0,206267;-1,000000;54619,000000;0,182063;1,000000
0;7;0,050000;314211,000000;1,000000;314211,000000;1;82481,000000;1,000000;-82481,000000;0;0,122678;0;0,000000;0,000000;0,000000;0;1,000000;0;207000,000000;0;314211,000000;1;314211,000000;1;314211,000000;1;0,000000;0;0,000000;0;;1,000000;0,877322;1,000000;289481,000000;-24730,000000;-0,082433;-1,000000;82481,000000;0,274937;1,000000
0;8;0,050000;313224,000000;1,000000;313224,000000;1;76634,000000;1,000000;-76634,000000;0;0,125871;0;0,000000;0,000000;0,000000;0;1,000000;0;306000,000000;1;313224,000000;1;313224,000000;1;313224,000000;1;0,000000;0;0,000000;0;;1,000000;0,874129;1,000000;382634,000000;69410,000000;0,231367;1,000000;76634,000000;0,255447;1,000000
0;9;0,050000;365658,000000;1,000000;365658,000000;1;110328,000000;1,000000;-110328,000000;0;0,130468;0;0,000000;0,000000;0,000000;0;1,000000;0;418500,000000;1;365658,000000;1;365658,000000;1;365658,000000;1;0,000000;0;0,000000;0;;1,000000;0,869532;1,000000;528828,000000;163170,000000;0,543900;1,000000;110328,000000;0,367760;1,000000
0;10;0,050000;389475,000000;1,000000;389475,000000;1;122945,000000;1,000000;-122945,000000;0;0,135591;0;0,000000;0,000000;0,000000;0;1,000000;0;450000,000000;1;389475,000000;1;389475,000000;1;389475,000000;1;0,000000;0;0,000000;0;;1,000000;0,864409;1,000000;572945,000000;183470,000000;0,611567;1,000000;122945,000000;0,409817;1,000000
0;11;0,050000;398223,000000;1,000000;398223,000000;1;115133,000000;1,000000;-115133,000000;0;0,140388;0;0,000000;0,000000;0,000000;0;1,000000;0;450000,000000;1;398223,000000;1;398223,000000;1;398223,000000;1;0,000000;0;0,000000;0;;1,000000;0,859612;1,000000;565133,000000;166910,000000;0,556367;1,000000;115133,000000;0,383777;1,000000
0;12;0,050000;416712,000000;1,000000;416712,000000;1;140712,000000;1,000000;-140712,000000;0;0,146251;0;0,000000;0,000000;0,000000;0;1,000000;0;450000,000000;1;416712,000000;1;416712,000000;1;416712,000000;1;0,000000;0;0,000000;0;;1,000000;0,853749;1,000000;590712,000000;174000,000000;0,580000;1,000000;140712,000000;0,469040;1,000000
0;13;0,050000;450000,000000;1,000000;450000,000000;1;166000,000000;1,000000;-166000,000000;0;0,153168;0;0,000000;0,000000;0,000000;0;1,000000;0;400500,000000;1;450000,000000;1;450000,000000;1;450000,000000;1;0,000000;0;0,000000;0;;1,000000;0,846832;1,000000;566500,000000;116500,000000;0,388333;1,000000;166000,000000;0,553333;1,000000
0;14;0,050000;440922,000000;1,000000;440922,000000;1;159952,000000;1,000000;-159952,000000;0;0,159832;0;0,000000;0,000000;0,000000;0;1,000000;0;292500,000000;0;440922,000000;1;440922,000000;1;440922,000000;1;0,000000;0;0,000000;0;;1,000000;0,840168;1,000000;452452,000000;11530,000000;0,038433;1,000000;159952,000000;0,533173;1,000000
0;15;0,050000;381249,000000;1,000000;381249,000000;1;104299,000000;1,000000;-104299,000000;0;0,164178;0;0,000000;0,000000;0,000000;0;1,000000;0;184500,000000;0;381249,000000;1;381249,000000;1;381249,000000;1;0,000000;0;0,000000;0;;1,000000;0,835822;1,000000;288799,000000;-92450,000000;-0,308167;-1,000000;104299,000000;0,347663;1,000000
0;16;0,050000;340395,000000;1,000000;340395,000000;1;80395,000000;1,000000;-80395,000000;0;0,167528;0;0,000000;0,000000;0,000000;0;1,000000;0;139500,000000;0;340395,000000;1;340395,000000;1;340395,000000;1;0,000000;0;0,000000;0;;1,000000;0,832472;1,000000;219895,000000;-120500,000000;-0,401667;-1,000000;80395,000000;0,267983;1,000000
0;17;0,050000;227433,000000;0,000000;0,000000;1;0,000000;1,000000;0,000000;0;0,167528;0;283240,000000;0,000000;0,000000;0;1,000000;0;227433,000000;0;0,000000;0;0,000000;0;283240,000000;1;0,000000;0;-283240,000000;0;;1,000000;-1,000000;1,000000;-55807,000000;-55807,000000;-0,186023;-1,000000;-283240,000000;-0,944133;-1,000000
0;18;0,050000;319080,000000;1,000000;319080,000000;1;19080,000000;1,000000;-19080,000000;0;0,168323;0;0,000000;0,000000;0,000000;0;1,000000;0;0,000000;0;319080,000000;1;319080,000000;1;319080,000000;1;0,000000;0;0,000000;0;;1,000000;0,831677;1,000000;19080,000000;-300000,000000;-1,000000;-1,000000;19080,000000;0,063600;1,000000
0;19;0,050000;277500,000000;0,000000;0,000000;1;0,000000;1,000000;0,000000;0;0,168323;0;300000,000000;0,000000;0,000000;0;1,000000;0;277500,000000;0;0,000000;0;0,000000;0;300000,000000;1;0,000000;0;-300000,000000;0;;1,000000;-1,000000;1,000000;-22500,000000;-22500,000000;-0,075000;-1,000000;-300000,000000;-1,000000;-1,000000
0;20;0,050000;187500,000000;0,000000;0,000000;1;0,000000;1,000000;0,000000;0;0,168323;0;300000,000000;0,000000;0,000000;0;1,000000;0;187500,000000;0;0,000000;0;0,000000;0;300000,000000;1;0,000000;0;-300000,000000;0;;1,000000;-1,000000;1,000000;-112500,000000;-112500,000000;-0,375000;-1,000000;-300000,000000;-1,000000;-1,000000
0;21;0,050000;119868,000000;0,000000;0,000000;1;0,000000;1,000000;0,000000;0;0,168323;0;300000,000000;0,000000;0,000000;0;1,000000;0;119868,000000;0;0,000000;0;0,000000;0;300000,000000;1;0,000000;0;-300000,000000;0;;1,000000;-1,000000;1,000000;-180132,000000;-180132,000000;-0,600440;-1,000000;-300000,000000;-1,000000;-1,000000
0;22;0,050000;188355,000000;0,000000;0,000000;1;0,000000;1,000000;0,000000;0;0,168323;0;300000,000000;0,000000;0,000000;0;1,000000;0;188355,000000;0;0,000000;0;0,000000;0;300000,000000;1;0,000000;0;-300000,000000;0;;1,000000;-1,000000;1,000000;-111645,000000;-111645,000000;-0,372150;-1,000000;-300000,000000;-1,000000;-1,000000
0;23;0,050000;150264,000000;0,000000;0,000000;1;0,000000;1,000000;0,000000;0;0,168323;0;283350,000000;0,000000;0,000000;0;1,000000;0;150264,000000;0;0,000000;0;0,000000;0;283350,000000;1;0,000000;0;-283350,000000;0;;1,000000;-1,000000;1,000000;-133086,000000;-133086,000000;-0,443620;-1,000000;-283350,000000;-0,944500;-1,000000
0;24;0,050000;139407,000000;0,000000;0,000000;1;0,000000;1,000000;0,000000;0;0,168323;0;226650,000000;0,000000;0,000000;0;1,000000;0;139407,000000;0;0,000000;0;0,000000;0;226650,000000;1;0,000000;0;-226650,000000;0;;1,000000;-1,000000;1,000000;-87243,000000;-87243,000000;-0,290810;-1,000000;-226650,000000;-0,755500;-1,000000
0;25;0,050000;193749,000000;0,000000;0,000000;1;0,000000;1,000000;0,000000;0;0,168323;0;222420,000000;1,000000;222420,000000;1;1,000000;0;193749,000000;0;0,000000;0;222420,000000;1;222420,000000;1;222420,000000;1;0,000000;0;;1,000000;-1,000000;-1,000000;-28671,000000;-28671,000000;-0,095570;-1,000000;-222420,000000;-0,741400;-1,000000
0;26;0,050000;240591,000000;1,000000;240591,000000;1;32421,000000;1,000000;-32421,000000;0;0,169674;0;0,000000;0,000000;0,000000;0;1,000000;0;0,000000;0;240591,000000;1;240591,000000;1;240591,000000;1;0,000000;0;0,000000;0;;1,000000;0,830326;1,000000;32421,000000;-208170,000000;-0,693900;-1,000000;32421,000000;0,108070;1,000000
0;27;0,050000;287499,000000;1,000000;287499,000000;1;63499,000000;1,000000;-63499,000000;0;0,172320;0;0,000000;0,000000;0,000000;0;1,000000;0;0,000000;0;287499,000000;1;287499,000000;1;287499,000000;1;0,000000;0;0,000000;0;;1,000000;0,827680;1,000000;63499,000000;-224000,000000;-0,746667;-1,000000;63499,000000;0,211663;1,000000
0;28;0,050000;108552,000000;0,000000;0,000000;1;0,000000;1,000000;0,000000;0;0,172320;0;223030,000000;0,000000;0,000000;0;1,000000;0;108552,000000;0;0,000000;0;0,000000;0;223030,000000;1;0,000000;0;-223030,000000;0;;1,000000;-1,000000;1,000000;-114478,000000;-114478,000000;-0,381593;-1,000000;-223030,000000;-0,743433;-1,000000
0;29;0,050000;245592,000000;1,000000;245592,000000;1;5022,000000;1,000000;-5022,000000;0;0,172529;0;0,000000;0,000000;0,000000;0;1,000000;0;103500,000000;0;245592,000000;1;245592,000000;1;245592,000000;1;0,000000;0;0,000000;0;;1,000000;0,827471;1,000000;108522,000000;-137070,000000;-0,456900;-1,000000;5022,000000;0,016740;1,000000
0;30;0,050000;93750,000000;1,000000;93750,000000;1;0,000000;1,000000;0,000000;0;0,172529;0;150250,000000;0,000000;0,000000;0;1,000000;0;175500,000000;0;93750,000000;1;93750,000000;1;244000,000000;1;0,000000;0;-150250,000000;0;;1,000000;-1,000000;1,000000;25250,000000;-68500,000000;-0,228333;-1,000000;-150250,000000;-0,500833;-1,000000
0;31;0,050000;312501,000000;1,000000;312501,000000;1;72501,000000;1,000000;-72501,000000;0;0,175550;0;0,000000;0,000000;0,000000;0;1,000000;0;225000,000000;0;312501,000000;1;312501,000000;1;312501,000000;1;0,000000;0;0,000000;0;;1,000000;0,824450;1,000000;297501,000000;-15000,000000;-0,050000;-1,000000;72501,000000;0,241670;1,000000
0;32;0,050000;374079,000000;1,000000;374079,000000;1;135719,000000;1,000000;-135719,000000;0;0,181205;0;0,000000;0,000000;0,000000;0;1,000000;0;328500,000000;1;374079,000000;1;374079,000000;1;374079,000000;1;0,000000;0;0,000000;0;;1,000000;0,818795;1,000000;464219,000000;90140,000000;0,300467;1,000000;135719,000000;0,452397;1,000000
0;33;0,050000;375000,000000;1,000000;375000,000000;1;116280,000000;1,000000;-116280,000000;0;0,186050;0;0,000000;0,000000;0,000000;0;1,000000;0;450000,000000;1;375000,000000;1;375000,000000;1;375000,000000;1;0,000000;0;0,000000;0;;1,000000;0,813950;1,000000;566280,000000;191280,000000;0,637600;1,000000;116280,000000;0,387600;1,000000
0;34;0,050000;379737,000000;1,000000;379737,000000;1;95737,000000;1,000000;-95737,000000;0;0,190039;0;0,000000;0,000000;0,000000;0;1,000000;0;450000,000000;1;379737,000000;1;379737,000000;1;379737,000000;1;0,000000;0;0,000000;0;;1,000000;0,809961;1,000000;545737,000000;166000,000000;0,553333;1,000000;95737,000000;0,319123;1,000000
0;35;0,050000;362172,000000;1,000000;362172,000000;1;83542,000000;1,000000;-83542,000000;0;0,193520;0;0,000000;0,000000;0,000000;0;1,000000;0;450000,000000;1;362172,000000;1;362172,000000;1;362172,000000;1;0,000000;0;0,000000;0;;1,000000;0,806480;1,000000;533542,000000;171370,000000;0,571233;1,000000;83542,000000;0,278473;1,000000
0;36;0,050000;350001,000000;1,000000;350001,000000;1;66001,000000;1,000000;-66001,000000;0;0,196270;0;0,000000;0,000000;0,000000;0;1,000000;0;450000,000000;1;350001,000000;1;350001,000000;1;350001,000000;1;0,000000;0;0,000000;0;;1,000000;0,803730;1,000000;516001,000000;166000,000000;0,553333;1,000000;66001,000000;0,220003;1,000000
0;37;0,050000;343749,000000;1,000000;343749,000000;1;0,000000;2,000000;0,000000;0;0,196270;0;0,000000;0,000000;0,000000;0;1,000000;0;409500,000000;1;343749,000000;1;343749,000000;1;284000,000000;1;0,000000;0;59749,000000;1;;1,000000;-1,000000;1,000000;469249,000000;125500,000000;0,418333;1,000000;59749,000000;0,199163;1,000000
0;38;0,050000;335001,000000;1,000000;335001,000000;1;57401,000000;1,000000;-57401,000000;0;0,198661;0;0,000000;0,000000;0,000000;0;1,000000;0;310500,000000;1;335001,000000;1;335001,000000;1;335001,000000;1;0,000000;0;0,000000;0;;1,000000;0,801339;1,000000;367901,000000;32900,000000;0,109667;1,000000;57401,000000;0,191337;1,000000
0;39;0,050000;179475,000000;1,000000;179475,000000;1;0,000000;1,000000;0,000000;0;0,198661;0;84525,000000;0,000000;0,000000;0;1,000000;0;225000,000000;0;179475,000000;1;179475,000000;1;264000,000000;1;0,000000;0;-84525,000000;0;;1,000000;-1,000000;1,000000;140475,000000;-39000,000000;-0,130000;-1,000000;-84525,000000;-0,281750;-1,000000
0;40;0,050000;450000,000000;1,000000;450000,000000;1;173580,000000;1,000000;-173580,000000;0;0,205894;0;0,000000;0,000000;0,000000;0;1,000000;0;157500,000000;0;450000,000000;1;450000,000000;1;450000,000000;1;0,000000;0;0,000000;0;;1,000000;0,794106;1,000000;331080,000000;-118920,000000;-0,396400;-1,000000;173580,000000;0,578600;1,000000
0;41;0,050000;409473,000000;1,000000;409473,000000;1;128483,000000;1,000000;-128483,000000;0;0,211247;0;0,000000;0,000000;0,000000;0;1,000000;0;0,000000;0;409473,000000;1;409473,000000;1;409473,000000;1;0,000000;0;0,000000;0;;1,000000;0,788753;1,000000;128483,000000;-280990,000000;-0,936633;-1,000000;128483,000000;0,428277;1,000000
0;42;0,050000;381249,000000;1,000000;381249,000000;1;81249,000000;1,000000;-81249,000000;0;0,214633;0;0,000000;0,000000;0,000000;0;1,000000;0;0,000000;0;381249,000000;1;381249,000000;1;381249,000000;1;0,000000;0;0,000000;0;;1,000000;0,785367;1,000000;81249,000000;-300000,000000;-1,000000;-1,000000;81249,000000;0,270830;1,000000
0;43;0,050000;123420,000000;0,000000;0,000000;1;0,000000;1,000000;0,000000;0;0,214633;0;300000,000000;0,000000;0,000000;0;1,000000;0;123420,000000;0;0,000000;0;0,000000;0;300000,000000;1;0,000000;0;-300000,000000;0;;1,000000;-1,000000;1,000000;-176580,000000;-176580,000000;-0,588600;-1,000000;-300000,000000;-1,000000;-1,000000
0;44;0,050000;350001,000000;1,000000;350001,000000;1;50001,000000;1,000000;-50001,000000;0;0,216716;0;0,000000;0,000000;0,000000;0;1,000000;0;0,000000;0;350001,000000;1;350001,000000;1;350001,000000;1;0,000000;0;0,000000;0;;1,000000;0,783284;1,000000;50001,000000;-300000,000000;-1,000000;-1,000000;50001,000000;0,166670;1,000000
0;45;0,050000;318750,000000;1,000000;318750,000000;1;18750,000000;1,000000;-18750,000000;0;0,217497;0;0,000000;0,000000;0,000000;0;1,000000;0;0,000000;0;318750,000000;1;318750,000000;1;318750,000000;1;0,000000;0;0,000000;0;;1,000000;0,782503;1,000000;18750,000000;-300000,000000;-1,000000;-1,000000;18750,000000;0,062500;1,000000
0;46;0,050000;283815,000000;1,000000;283815,000000;1;5205,000000;1,000000;-5205,000000;0;0,217714;0;0,000000;0,000000;0,000000;0;1,000000;0;0,000000;0;283815,000000;1;283815,000000;1;283815,000000;1;0,000000;0;0,000000;0;;1,000000;0,782286;1,000000;5205,000000;-278610,000000;-0,928700;-1,000000;5205,000000;0,017350;1,000000
0;47;0,050000;188025,000000;0,000000;0,000000;1;0,000000;1,000000;0,000000;0;0,217714;0;255540,000000;0,000000;0,000000;0;1,000000;0;188025,000000;0;0,000000;0;0,000000;0;255540,000000;1;0,000000;0;-255540,000000;0;;1,000000;-1,000000;1,000000;-67515,000000;-67515,000000;-0,225050;-1,000000;-255540,000000;-0,851800;-1,000000
0;48;0,050000;143751,000000;0,000000;0,000000;1;0,000000;0,000000;0,000000;0;0,217714;0;240000,000000;0,000000;0,000000;0;1,000000;0;143751,000000;0;0,000000;0;0,000000;0;240000,000000;1;0,000000;0;-240000,000000;0;;1,000000;-1,000000;-1,000000;-96249,000000;-96249,000000;-0,320830;-1,000000;-240000,000000;-0,800000;-1,000000
0;49;0,050000;121842,000000;0,000000;0,000000;1;0,000000;1,000000;0,000000;0;0,217714;0;233920,000000;0,000000;0,000000;0;1,000000;0;121842,000000;0;0,000000;0;0,000000;0;233920,000000;1;0,000000;0;-233920,000000;0;;1,000000;-1,000000;1,000000;-112078,000000;-112078,000000;-0,373593;-1,000000;-233920,000000;-0,779733;-1,000000
0;50;0,050000;24999,000000;0,000000;0,000000;1;0,000000;1,000000;0,000000;0;0,217714;0;200000,000000;0,000000;0,000000;0;1,000000;0;24999,000000;0;0,000000;0;0,000000;0;200000,000000;1;0,000000;0;-200000,000000;0;;1,000000;-1,000000;1,000000;-175001,000000;-175001,000000;-0,583337;-1,000000;-200000,000000;-0,666667;-1,000000
0;51;0,050000;24999,000000;0,000000;0,000000;1;0,000000;1,000000;0,000000;0;0,217714;0;224000,000000;0,000000;0,000000;0;1,000000;0;24999,000000;0;0,000000;0;0,000000;0;224000,000000;1;0,000000;0;-224000,000000;0;;1,000000;-1,000000;1,000000;-199001,000000;-199001,000000;-0,663337;-1,000000;-224000,000000;-0,746667;-1,000000
0;52;0,050000;24999,000000;0,000000;0,000000;1;0,000000;1,000000;0,000000;0;0,217714;0;232510,000000;0,000000;0,000000;0;1,000000;0;24999,000000;0;0,000000;0;0,000000;0;232510,000000;1;0,000000;0;-232510,000000;0;;1,000000;-1,000000;1,000000;-207511,000000;-207511,000000;-0,691703;-1,000000;-232510,000000;-0,775033;-1,000000
0;53;0,050000;38421,000000;0,000000;0,000000;1;0,000000;1,000000;0,000000;0;0,217714;0;262550,000000;0,000000;0,000000;0;1,000000;0;56421,000000;0;0,000000;0;0,000000;0;262550,000000;1;0,000000;0;-262550,000000;0;;1,000000;-1,000000;1,000000;-206129,000000;-206129,000000;-0,687097;-1,000000;-262550,000000;-0,875167;-1,000000
0;54;0,050000;137895,000000;0,000000;0,000000;1;0,000000;1,000000;0,000000;0;0,217714;0;272040,000000;0,000000;0,000000;0;1,000000;0;173895,000000;0;0,000000;0;0,000000;0;272040,000000;1;0,000000;0;-272040,000000;0;;1,000000;-1,000000;1,000000;-98145,000000;-98145,000000;-0,327150;-1,000000;-272040,000000;-0,906800;-1,000000
0;55;0,050000;156249,000000;0,000000;0,000000;1;0,000000;0,000000;0,000000;0;0,217714;0;276000,000000;0,000000;0,000000;0;1,000000;0;205749,000000;0;0,000000;0;0,000000;0;276000,000000;1;0,000000;0;-276000,000000;0;;1,000000;-1,000000;-1,000000;-70251,000000;-70251,000000;-0,234170;-1,000000;-276000,000000;-0,920000;-1,000000
0;56;0,050000;188685,000000;0,000000;0,000000;1;0,000000;1,000000;0,000000;0;0,217714;0;300000,000000;0,000000;0,000000;0;1,000000;0;251685,000000;0;0,000000;0;0,000000;0;300000,000000;1;0,000000;0;-300000,000000;0;;1,000000;-1,000000;1,000000;-48315,000000;-48315,000000;-0,161050;-1,000000;-300000,000000;-1,000000;-1,000000
0;57;0,050000;163749,000000;0,000000;0,000000;1;0,000000;1,000000;0,000000;0;0,217714;0;300000,000000;0,000000;0,000000;0;1,000000;0;249249,000000;0;0,000000;0;0,000000;0;300000,000000;1;0,000000;0;-300000,000000;0;;1,000000;-1,000000;1,000000;-50751,000000;-50751,000000;-0,169170;-1,000000;-300000,000000;-1,000000;-1,000000
0;58;0,050000;153684,000000;0,000000;0,000000;1;0,000000;1,000000;0,000000;0;0,217714;0;292000,000000;0,000000;0,000000;0;1,000000;0;275184,000000;0;0,000000;0;0,000000;0;292000,000000;1;0,000000;0;-292000,000000;0;;1,000000;-1,000000;1,000000;-16816,000000;-16816,000000;-0,056053;-1,000000;-292000,000000;-0,973333;-1,000000
0;59;0,050000;62238,000000;0,000000;0,000000;1;0,000000;1,000000;0,000000;0;0,217714;0;300000,000000;0,000000;0,000000;0;1,000000;0;219738,000000;0;0,000000;0;0,000000;0;300000,000000;1;0,000000;0;-300000,000000;0;;1,000000;-1,000000;1,000000;-80262,000000;-80262,000000;-0,267540;-1,000000;-300000,000000;-1,000000;-1,000000
0;60;0,050000;24999,000000;0,000000;0,000000;1;0,000000;1,000000;0,000000;0;0,217714;0;300000,000000;0,000000;0,000000;0;1,000000;0;128499,000000;0;0,000000;0;0,000000;0;300000,000000;1;0,000000;0;-300000,000000;0;;1,000000;-1,000000;1,000000;-171501,000000;-171501,000000;-0,571670;-1,000000;-300000,000000;-1,000000;-1,000000
0;61;0,050000;24999,000000;0,000000;0,000000;1;0,000000;1,000000;0,000000;0;0,217714;0;300000,000000;0,000000;0,000000;0;1,000000;0;101499,000000;0;0,000000;0;0,000000;0;300000,000000;1;0,000000;0;-300000,000000;0;;1,000000;-1,000000;1,000000;-198501,000000;-198501,000000;-0,661670;-1,000000;-300000,000000;-1,000000;-1,000000
0;62;0,050000;24999,000000;0,000000;0,000000;1;0,000000;1,000000;0,000000;0;0,217714;0;300000,000000;0,000000;0,000000;0;1,000000;0;65499,000000;0;0,000000;0;0,000000;0;300000,000000;1;0,000000;0;-300000,000000;0;;1,000000;-1,000000;1,000000;-234501,000000;-234501,000000;-0,781670;-1,000000;-300000,000000;-1,000000;-1,000000
0;63;0,050000;24999,000000;0,000000;0,000000;1;0,000000;1,000000;0,000000;0;0,217714;0;293640,000000;0,000000;0,000000;0;1,000000;0;56499,000000;0;0,000000;0;0,000000;0;293640,000000;1;0,000000;0;-293640,000000;0;;1,000000;-1,000000;1,000000;-237141,000000;-237141,000000;-0,790470;-1,000000;-293640,000000;-0,978800;-1,000000
0;64;0,050000;218751,000000;0,000000;0,000000;1;0,000000;1,000000;0,000000;0;0,217714;0;278360,000000;0,000000;0,000000;0;1,000000;0;241251,000000;0;0,000000;0;0,000000;0;278360,000000;1;0,000000;0;-278360,000000;0;;1,000000;-1,000000;1,000000;-37109,000000;-37109,000000;-0,123697;-1,000000;-278360,000000;-0,927867;-1,000000
0;65;0,050000;220725,000000;0,000000;0,000000;1;0,000000;1,000000;0,000000;0;0,217714;0;283790,000000;0,000000;0,000000;0;1,000000;0;220725,000000;0;0,000000;0;0,000000;0;283790,000000;1;0,000000;0;-283790,000000;0;;1,000000;-1,000000;1,000000;-63065,000000;-63065,000000;-0,210217;-1,000000;-283790,000000;-0,945967;-1,000000
0;66;0,050000;193749,000000;0,000000;0,000000;1;0,000000;1,000000;0,000000;0;0,217714;0;292000,000000;0,000000;0,000000;0;1,000000;0;193749,000000;0;0,000000;0;0,000000;0;292000,000000;1;0,000000;0;-292000,000000;0;;1,000000;-1,000000;1,000000;-98251,000000;-98251,000000;-0,327503;-1,000000;-292000,000000;-0,973333;-1,000000
0;67;0,050000;76185,000000;0,000000;0,000000;1;0,000000;1,000000;0,000000;0;0,217714;0;300000,000000;0,000000;0,000000;0;1,000000;0;76185,000000;0;0,000000;0;0,000000;0;300000,000000;1;0,000000;0;-300000,000000;0;;1,000000;-1,000000;1,000000;-223815,000000;-223815,000000;-0,746050;-1,000000;-300000,000000;-1,000000;-1,000000
0;68;0,050000;24999,000000;0,000000;0,000000;1;0,000000;1,000000;0,000000;0;0,217714;0;300000,000000;0,000000;0,000000;0;1,000000;0;24999,000000;0;0,000000;0;0,000000;0;300000,000000;1;0,000000;0;-300000,000000;0;;1,000000;-1,000000;1,000000;-275001,000000;-275001,000000;-0,916670;-1,000000;-300000,000000;-1,000000;-1,000000
0;69;0,050000;24999,000000;0,000000;0,000000;1;0,000000;1,000000;0,000000;0;0,217714;0;300000,000000;0,000000;0,000000;0;1,000000;0;24999,000000;0;0,000000;0;0,000000;0;300000,000000;1;0,000000;0;-300000,000000;0;;1,000000;-1,000000;1,000000;-275001,000000;-275001,000000;-0,916670;-1,000000;-300000,000000;-1,000000;-1,000000
0;70;0,050000;24999,000000;0,000000;0,000000;1;0,000000;1,000000;0,000000;0;0,217714;0;300000,000000;0,000000;0,000000;0;1,000000;0;24999,000000;0;0,000000;0;0,000000;0;300000,000000;1;0,000000;0;-300000,000000;0;;1,000000;-1,000000;1,000000;-275001,000000;-275001,000000;-0,916670;-1,000000;-300000,000000;-1,000000;-1,000000
0;71;0,050000;24999,000000;0,000000;0,000000;1;0,000000;1,000000;0,000000;0;0,217714;0;280650,000000;0,000000;0,000000;0;1,000000;0;24999,000000;0;0,000000;0;0,000000;0;280650,000000;1;0,000000;0;-280650,000000;0;;1,000000;-1,000000;1,000000;-255651,000000;-255651,000000;-0,852170;-1,000000;-280650,000000;-0,935500;-1,000000
0;72;0,050000;24999,000000;0,000000;0,000000;1;0,000000;1,000000;0,000000;0;0,217714;0;236040,000000;0,000000;0,000000;0;1,000000;0;24999,000000;0;0,000000;0;0,000000;0;236040,000000;1;0,000000;0;-236040,000000;0;;1,000000;-1,000000;1,000000;-211041,000000;-211041,000000;-0,703470;-1,000000;-236040,000000;-0,786800;-1,000000
0;73;0,050000;24999,000000;0,000000;0,000000;1;0,000000;1,000000;0,000000;0;0,217714;0;220190,000000;0,000000;0,000000;0;1,000000;0;24999,000000;0;0,000000;0;0,000000;0;220190,000000;1;0,000000;0;-220190,000000;0;;1,000000;-1,000000;1,000000;-195191,000000;-195191,000000;-0,650637;-1,000000;-220190,000000;-0,733967;-1,000000
0;74;0,050000;24999,000000;0,000000;0,000000;1;0,000000;1,000000;0,000000;0;0,217714;0;211370,000000;0,000000;0,000000;0;1,000000;0;24999,000000;0;0,000000;0;0,000000;0;211370,000000;1;0,000000;0;-211370,000000;0;;1,000000;-1,000000;1,000000;-186371,000000;-186371,000000;-0,621237;-1,000000;-211370,000000;-0,704567;-1,000000
0;75;0,050000;81249,000000;0,000000;0,000000;1;0,000000;1,000000;0,000000;0;0,217714;0;240000,000000;0,000000;0,000000;0;1,000000;0;81249,000000;0;0,000000;0;0,000000;0;240000,000000;1;0,000000;0;-240000,000000;0;;1,000000;-1,000000;1,000000;-158751,000000;-158751,000000;-0,529170;-1,000000;-240000,000000;-0,800000;-1,000000
0;76;0,050000;193749,000000;0,000000;0,000000;1;0,000000;1,000000;0,000000;0;0,217714;0;240800,000000;0,000000;0,000000;0;1,000000;0;193749,000000;0;0,000000;0;0,000000;0;240800,000000;1;0,000000;0;-240800,000000;0;;1,000000;-1,000000;1,000000;-47051,000000;-47051,000000;-0,156837;-1,000000;-240800,000000;-0,802667;-1,000000
0;77;0,050000;175197,000000;1,000000;175197,000000;1;0,000000;1,000000;0,000000;0;0,217714;0;84133,000000;0,000000;0,000000;0;1,000000;0;0,000000;0;175197,000000;1;175197,000000;1;259330,000000;1;0,000000;0;-84133,000000;0;;-1,000000;-1,000000;1,000000;-84133,000000;-259330,000000;-0,864433;-1,000000;-84133,000000;-0,280443;-1,000000
0;78;0,050000;182106,000000;0,000000;0,000000;1;0,000000;1,000000;0,000000;0;0,217714;0;272250,000000;0,000000;0,000000;0;1,000000;0;195606,000000;0;0,000000;0;0,000000;0;272250,000000;1;0,000000;0;-272250,000000;0;;1,000000;-1,000000;1,000000;-76644,000000;-76644,000000;-0,255480;-1,000000;-272250,000000;-0,907500;-1,000000
0;79;0,050000;151446,000000;0,000000;0,000000;1;0,000000;1,000000;0,000000;0;0,217714;0;280000,000000;0,000000;0,000000;0;1,000000;0;173946,000000;0;0,000000;0;0,000000;0;280000,000000;1;0,000000;0;-280000,000000;0;;1,000000;-1,000000;1,000000;-106054,000000;-106054,000000;-0,353513;-1,000000;-280000,000000;-0,933333;-1,000000
0;80;0,050000;144738,000000;0,000000;0,000000;1;0,000000;1,000000;0,000000;0;0,217714;0;300000,000000;1,000000;300000,000000;1;1,000000;0;185238,000000;0;0,000000;0;300000,000000;1;300000,000000;1;300000,000000;1;0,000000;0;;1,000000;-1,000000;-1,000000;-114762,000000;-114762,000000;-0,382540;-1,000000;-300000,000000;-1,000000;-1,000000
0;81;0,050000;35262,000000;0,000000;0,000000;1;299520,000000;2,000000;299520,000000;0;0,205234;0;0,000000;0,000000;0,000000;0;1,000000;0;107262,000000;0;0,000000;0;299520,000000;1;299520,000000;1;0,000000;0;0,000000;0;;1,000000;-1,000000;1,000000;-192258,000000;-192258,000000;-0,640860;-1,000000;-299520,000000;-0,998400;-1,000000
0;82;0,050000;24999,000000;0,000000;0,000000;1;0,000000;1,000000;0,000000;0;0,205234;0;300000,000000;0,000000;0,000000;0;1,000000;0;114999,000000;0;0,000000;0;0,000000;0;300000,000000;1;0,000000;0;-300000,000000;0;;1,000000;-1,000000;1,000000;-185001,000000;-185001,000000;-0,616670;-1,000000;-300000,000000;-1,000000;-1,000000
0;83;0,050000;24999,000000;0,000000;0,000000;1;0,000000;1,000000;0,000000;0;0,205234;0;300000,000000;0,000000;0,000000;0;1,000000;0;137499,000000;0;0,000000;0;0,000000;0;300000,000000;1;0,000000;0;-300000,000000;0;;1,000000;-1,000000;1,000000;-162501,000000;-162501,000000;-0,541670;-1,000000;-300000,000000;-1,000000;-1,000000
0;84;0,050000;24999,000000;0,000000;0,000000;1;0,000000;1,000000;0,000000;0;0,205234;0;300000,000000;0,000000;0,000000;0;1,000000;0;92499,000000;0;0,000000;0;0,000000;0;300000,000000;1;0,000000;0;-300000,000000;0;;1,000000;-1,000000;1,000000;-207501,000000;-207501,000000;-0,691670;-1,000000;-300000,000000;-1,000000;-1,000000
0;85;0,050000;86514,000000;0,000000;0,000000;1;0,000000;1,000000;0,000000;0;0,205234;0;300000,000000;0,000000;0,000000;0;1,000000;0;127014,000000;0;0,000000;0;0,000000;0;300000,000000;1;0,000000;0;-300000,000000;0;;1,000000;-1,000000;1,000000;-172986,000000;-172986,000000;-0,576620;-1,000000;-300000,000000;-1,000000;-1,000000
0;86;0,050000;156249,000000;0,000000;0,000000;1;0,000000;0,000000;0,000000;0;0,205234;0;300000,000000;0,000000;0,000000;0;1,000000;0;178749,000000;0;0,000000;0;0,000000;0;300000,000000;1;0,000000;0;-300000,000000;0;;1,000000;-1,000000;-1,000000;-121251,000000;-121251,000000;-0,404170;-1,000000;-300000,000000;-1,000000;-1,000000
0;87;0,050000;150000,000000;0,000000;0,000000;1;0,000000;1,000000;0,000000;0;0,205234;0;300000,000000;0,000000;0,000000;0;1,000000;0;163500,000000;0;0,000000;0;0,000000;0;300000,000000;1;0,000000;0;-300000,000000;0;;1,000000;-1,000000;1,000000;-136500,000000;-136500,000000;-0,455000;-1,000000;-300000,000000;-1,000000;-1,000000
0;88;0,050000;270987,000000;0,000000;0,000000;1;0,000000;1,000000;0,000000;0;0,205234;0;294690,000000;0,000000;0,000000;0;1,000000;0;279987,000000;0;0,000000;0;0,000000;0;294690,000000;1;0,000000;0;-294690,000000;0;;1,000000;-1,000000;1,000000;-14703,000000;-14703,000000;-0,049010;-1,000000;-294690,000000;-0,982300;-1,000000
0;89;0,050000;236973,000000;0,000000;0,000000;1;0,000000;1,000000;0,000000;0;0,205234;0;300000,000000;0,000000;0,000000;0;1,000000;0;236973,000000;0;0,000000;0;0,000000;0;300000,000000;1;0,000000;0;-300000,000000;0;;1,000000;-1,000000;1,000000;-63027,000000;-63027,000000;-0,210090;-1,000000;-300000,000000;-1,000000;-1,000000
0;90;0,050000;161514,000000;0,000000;0,000000;1;0,000000;1,000000;0,000000;0;0,205234;0;300000,000000;0,000000;0,000000;0;1,000000;0;161514,000000;0;0,000000;0;0,000000;0;300000,000000;1;0,000000;0;-300000,000000;0;;1,000000;-1,000000;1,000000;-138486,000000;-138486,000000;-0,461620;-1,000000;-300000,000000;-1,000000;-1,000000
0;91;0,050000;287499,000000;0,000000;0,000000;1;0,000000;1,000000;0,000000;0;0,205234;0;300000,000000;0,000000;0,000000;0;1,000000;0;287499,000000;0;0,000000;0;0,000000;0;300000,000000;1;0,000000;0;-300000,000000;0;;1,000000;-1,000000;1,000000;-12501,000000;-12501,000000;-0,041670;-1,000000;-300000,000000;-1,000000;-1,000000
0;92;0,050000;234210,000000;0,000000;0,000000;1;0,000000;1,000000;0,000000;0;0,205234;0;300000,000000;0,000000;0,000000;0;1,000000;0;234210,000000;0;0,000000;0;0,000000;0;300000,000000;1;0,000000;0;-300000,000000;0;;1,000000;-1,000000;1,000000;-65790,000000;-65790,000000;-0,219300;-1,000000;-300000,000000;-1,000000;-1,000000
0;93;0,050000;24999,000000;0,000000;0,000000;1;0,000000;1,000000;0,000000;0;0,205234;0;300000,000000;0,000000;0,000000;0;1,000000;0;24999,000000;0;0,000000;0;0,000000;0;300000,000000;1;0,000000;0;-300000,000000;0;;1,000000;-1,000000;1,000000;-275001,000000;-275001,000000;-0,916670;-1,000000;-300000,000000;-1,000000;-1,000000
0;94;0,050000;24999,000000;0,000000;0,000000;1;0,000000;1,000000;0,000000;0;0,205234;0;299540,000000;0,000000;0,000000;0;1,000000;0;24999,000000;0;0,000000;0;0,000000;0;299540,000000;1;0,000000;0;-299540,000000;0;;1,000000;-1,000000;1,000000;-274541,000000;-274541,000000;-0,915137;-1,000000;-299540,000000;-0,998467;-1,000000
0;95;0,050000;24999,000000;0,000000;0,000000;1;0,000000;1,000000;0,000000;0;0,205234;0;280000,000000;0,000000;0,000000;0;1,000000;0;24999,000000;0;0,000000;0;0,000000;0;280000,000000;1;0,000000;0;-280000,000000;0;;1,000000;-1,000000;1,000000;-255001,000000;-255001,000000;-0,850003;-1,000000;-280000,000000;-0,933333;-1,000000
0;96;0,050000;24999,000000;1,000000;24999,000000;1;0,000000;1,000000;0,000000;0;0,205234;0;208391,000000;0,000000;0,000000;0;1,000000;0;0,000000;0;24999,000000;1;24999,000000;1;233390,000000;1;0,000000;0;-208391,000000;0;;-1,000000;-1,000000;1,000000;-208391,000000;-233390,000000;-0,777967;-1,000000;-208391,000000;-0,694637;-1,000000
0;97;0,050000;24999,000000;0,000000;0,000000;1;0,000000;1,000000;0,000000;0;0,205234;0;224000,000000;0,000000;0,000000;0;1,000000;0;24999,000000;0;0,000000;0;0,000000;0;224000,000000;1;0,000000;0;-224000,000000;0;;1,000000;-1,000000;1,000000;-199001,000000;-199001,000000;-0,663337;-1,000000;-224000,000000;-0,746667;-1,000000
0;98;0,050000;24999,000000;0,000000;0,000000;1;0,000000;1,000000;0,000000;0;0,205234;0;217390,000000;0,000000;0,000000;0;1,000000;0;24999,000000;0;0,000000;0;0,000000;0;217390,000000;1;0,000000;0;-217390,000000;0;;1,000000;-1,000000;1,000000;-192391,000000;-192391,000000;-0,641303;-1,000000;-217390,000000;-0,724633;-1,000000
0;99;0,050000;24999,000000;0,000000;0,000000;1;0,000000;1,000000;0,000000;0;0,205234;0;244000,000000;0,000000;0,000000;0;1,000000;0;24999,000000;0;0,000000;0;0,000000;0;244000,000000;1;0,000000;0;-244000,000000;0;;1,000000;-1,000000;1,000000;-219001,000000;-219001,000000;-0,730003;-1,000000;-244000,000000;-0,813333;-1,000000
0;100;0,050000;24999,000000;0,000000;0,000000;1;0,000000;1,000000;0,000000;0;0,205234;0;240000,000000;0,000000;0,000000;0;1,000000;0;24999,000000;0;0,000000;0;0,000000;0;240000,000000;1;0,000000;0;-240000,000000;0;;1,000000;-1,000000;1,000000;-215001,000000;-215001,000000;-0,716670;-1,000000;-240000,000000;-0,800000;-1,000000
0;101;0,050000;24999,000000;0,000000;0,000000;1;0,000000;1,000000;0,000000;0;0,205234;0;240780,000000;0,000000;0,000000;0;1,000000;0;24999,000000;0;0,000000;0;0,000000;0;240780,000000;1;0,000000;0;-240780,000000;0;;1,000000;-1,000000;1,000000;-215781,000000;-215781,000000;-0,719270;-1,000000;-240780,000000;-0,802600;-1,000000
0;102;0,050000;24999,000000;0,000000;0,000000;1;0,000000;1,000000;0,000000;0;0,205234;0;260000,000000;0,000000;0,000000;0;1,000000;0;24999,000000;0;0,000000;0;0,000000;0;260000,000000;1;0,000000;0;-260000,000000;0;;1,000000;-1,000000;1,000000;-235001,000000;-235001,000000;-0,783337;-1,000000;-260000,000000;-0,866667;-1,000000
0;103;0,050000;24999,000000;0,000000;0,000000;1;0,000000;1,000000;0,000000;0;0,205234;0;270290,000000;0,000000;0,000000;0;1,000000;0;51999,000000;0;0,000000;0;0,000000;0;270290,000000;1;0,000000;0;-270290,000000;0;;1,000000;-1,000000;1,000000;-218291,000000;-218291,000000;-0,727637;-1,000000;-270290,000000;-0,900967;-1,000000
0;104;0,050000;24999,000000;0,000000;0,000000;1;0,000000;1,000000;0,000000;0;0,205234;0;276170,000000;0,000000;0,000000;0;1,000000;0;87999,000000;0;0,000000;0;0,000000;0;276170,000000;1;0,000000;0;-276170,000000;0;;1,000000;-1,000000;1,000000;-188171,000000;-188171,000000;-0,627237;-1,000000;-276170,000000;-0,920567;-1,000000
0;105;0,050000;24999,000000;0,000000;0,000000;1;0,000000;0,000000;0,000000;0;0,205234;0;297260,000000;0,000000;0,000000;0;1,000000;0;123999,000000;0;0,000000;0;0,000000;0;297260,000000;1;0,000000;0;-297260,000000;0;;1,000000;-1,000000;-1,000000;-173261,000000;-173261,000000;-0,577537;-1,000000;-297260,000000;-0,990867;-1,000000
0;106;0,050000;24999,000000;0,000000;0,000000;1;0,000000;1,000000;0,000000;0;0,205234;0;300000,000000;0,000000;0,000000;0;1,000000;0;141999,000000;0;0,000000;0;0,000000;0;300000,000000;1;0,000000;0;-300000,000000;0;;1,000000;-1,000000;1,000000;-158001,000000;-158001,000000;-0,526670;-1,000000;-300000,000000;-1,000000;-1,000000
0;107;0,050000;24999,000000;0,000000;0,000000;1;0,000000;1,000000;0,000000;0;0,205234;0;300000,000000;0,000000;0,000000;0;1,000000;0;87999,000000;0;0,000000;0;0,000000;0;300000,000000;1;0,000000;0;-300000,000000;0;;1,000000;-1,000000;1,000000;-212001,000000;-212001,000000;-0,706670;-1,000000;-300000,000000;-1,000000;-1,000000
0;108;0,050000;24999,000000;0,000000;0,000000;1;0,000000;1,000000;0,000000;0;0,205234;0;300000,000000;0,000000;0,000000;0;1,000000;0;69999,000000;0;0,000000;0;0,000000;0;300000,000000;1;0,000000;0;-300000,000000;0;;1,000000;-1,000000;1,000000;-230001,000000;-230001,000000;-0,766670;-1,000000;-300000,000000;-1,000000;-1,000000
0;109;0,050000;24999,000000;0,000000;0,000000;1;0,000000;1,000000;0,000000;0;0,205234;0;272000,000000;0,000000;0,000000;0;1,000000;0;56499,000000;0;0,000000;0;0,000000;0;272000,000000;1;0,000000;0;-272000,000000;0;;1,000000;-1,000000;1,000000;-215501,000000;-215501,000000;-0,718337;-1,000000;-272000,000000;-0,906667;-1,000000
0;110;0,050000;24999,000000;0,000000;0,000000;1;0,000000;1,000000;0,000000;0;0,205234;0;264000,000000;0,000000;0,000000;0;1,000000;0;24999,000000;0;0,000000;0;0,000000;0;264000,000000;1;0,000000;0;-264000,000000;0;;1,000000;-1,000000;1,000000;-239001,000000;-239001,000000;-0,796670;-1,000000;-264000,000000;-0,880000;-1,000000
0;111;0,050000;24999,000000;0,000000;0,000000;1;0,000000;1,000000;0,000000;0;0,205234;0;264000,000000;0,000000;0,000000;0;1,000000;0;24999,000000;0;0,000000;0;0,000000;0;264000,000000;1;0,000000;0;-264000,000000;0;;1,000000;-1,000000;1,000000;-239001,000000;-239001,000000;-0,796670;-1,000000;-264000,000000;-0,880000;-1,000000
0;112;0,050000;24999,000000;0,000000;0,000000;1;0,000000;1,000000;0,000000;0;0,205234;0;284000,000000;0,000000;0,000000;0;1,000000;0;24999,000000;0;0,000000;0;0,000000;0;284000,000000;1;0,000000;0;-284000,000000;0;;1,000000;-1,000000;1,000000;-259001,000000;-259001,000000;-0,863337;-1,000000;-284000,000000;-0,946667;-1,000000
0;113;0,050000;24999,000000;0,000000;0,000000;1;0,000000;1,000000;0,000000;0;0,205234;0;295010,000000;0,000000;0,000000;0;1,000000;0;24999,000000;0;0,000000;0;0,000000;0;295010,000000;1;0,000000;0;-295010,000000;0;;1,000000;-1,000000;1,000000;-270011,000000;-270011,000000;-0,900037;-1,000000;-295010,000000;-0,983367;-1,000000
0;114;0,050000;24999,000000;0,000000;0,000000;1;0,000000;1,000000;0,000000;0;0,205234;0;300000,000000;0,000000;0,000000;0;1,000000;0;24999,000000;0;0,000000;0;0,000000;0;300000,000000;1;0,000000;0;-300000,000000;0;;1,000000;-1,000000;1,000000;-275001,000000;-275001,000000;-0,916670;-1,000000;-300000,000000;-1,000000;-1,000000
0;115;0,050000;24999,000000;0,000000;0,000000;1;0,000000;1,000000;0,000000;0;0,205234;0;300000,000000;0,000000;0,000000;0;1,000000;0;24999,000000;0;0,000000;0;0,000000;0;300000,000000;1;0,000000;0;-300000,000000;0;;1,000000;-1,000000;1,000000;-275001,000000;-275001,000000;-0,916670;-1,000000;-300000,000000;-1,000000;-1,000000
0;116;0,050000;24999,000000;0,000000;0,000000;1;0,000000;1,000000;0,000000;0;0,205234;0;300000,000000;0,000000;0,000000;0;1,000000;0;24999,000000;0;0,000000;0;0,000000;0;300000,000000;1;0,000000;0;-300000,000000;0;;1,000000;-1,000000;1,000000;-275001,000000;-275001,000000;-0,916670;-1,000000;-300000,000000;-1,000000;-1,000000
0;117;0,050000;24999,000000;0,000000;0,000000;1;0,000000;1,000000;0,000000;0;0,205234;0;283430,000000;0,000000;0,000000;0;1,000000;0;24999,000000;0;0,000000;0;0,000000;0;283430,000000;1;0,000000;0;-283430,000000;0;;1,000000;-1,000000;1,000000;-258431,000000;-258431,000000;-0,861437;-1,000000;-283430,000000;-0,944767;-1,000000
0;118;0,050000;24999,000000;0,000000;0,000000;1;0,000000;1,000000;0,000000;0;0,205234;0;259960,000000;0,000000;0,000000;0;1,000000;0;24999,000000;0;0,000000;0;0,000000;0;259960,000000;1;0,000000;0;-259960,000000;0;;1,000000;-1,000000;1,000000;-234961,000000;-234961,000000;-0,783203;-1,000000;-259960,000000;-0,866533;-1,000000
0;119;0,050000;24999,000000;0,000000;0,000000;1;0,000000;1,000000;0,000000;0;0,205234;0;227350,000000;0,000000;0,000000;0;1,000000;0;24999,000000;0;0,000000;0;0,000000;0;227350,000000;1;0,000000;0;-227350,000000;0;;1,000000;-1,000000;1,000000;-202351,000000;-202351,000000;-0,674503;-1,000000;-227350,000000;-0,757833;-1,000000
0;120;0,050000;24999,000000;0,000000;0,000000;1;0,000000;1,000000;0,000000;0;0,205234;0;223160,000000;0,000000;0,000000;0;1,000000;0;24999,000000;0;0,000000;0;0,000000;0;223160,000000;1;0,000000;0;-223160,000000;0;;1,000000;-1,000000;1,000000;-198161,000000;-198161,000000;-0,660537;-1,000000;-223160,000000;-0,743867;-1,000000
0;121;0,050000;24999,000000;0,000000;0,000000;1;0,000000;1,000000;0,000000;0;0,205234;0;216080,000000;0,000000;0,000000;0;1,000000;0;24999,000000;0;0,000000;0;0,000000;0;216080,000000;1;0,000000;0;-216080,000000;0;;1,000000;-1,000000;1,000000;-191081,000000;-191081,000000;-0,636937;-1,000000;-216080,000000;-0,720267;-1,000000
0;122;0,050000;24999,000000;0,000000;0,000000;1;0,000000;1,000000;0,000000;0;0,205234;0;220000,000000;0,000000;0,000000;0;1,000000;0;24999,000000;0;0,000000;0;0,000000;0;220000,000000;1;0,000000;0;-220000,000000;0;;1,000000;-1,000000;1,000000;-195001,000000;-195001,000000;-0,650003;-1,000000;-220000,000000;-0,733333;-1,000000
0;123;0,050000;24999,000000;0,000000;0,000000;1;0,000000;1,000000;0,000000;0;0,205234;0;220000,000000;0,000000;0,000000;0;1,000000;0;24999,000000;0;0,000000;0;0,000000;0;220000,000000;1;0,000000;0;-220000,000000;0;;1,000000;-1,000000;1,000000;-195001,000000;-195001,000000;-0,650003;-1,000000;-220000,000000;-0,733333;-1,000000
0;124;0,050000;24999,000000;0,000000;0,000000;1;0,000000;1,000000;0,000000;0;0,205234;0;244000,000000;0,000000;0,000000;0;1,000000;0;24999,000000;0;0,000000;0;0,000000;0;244000,000000;1;0,000000;0;-244000,000000;0;;1,000000;-1,000000;1,000000;-219001,000000;-219001,000000;-0,730003;-1,000000;-244000,000000;-0,813333;-1,000000
0;125;0,050000;24999,000000;0,000000;0,000000;1;0,000000;1,000000;0,000000;0;0,205234;0;263680,000000;0,000000;0,000000;0;1,000000;0;24999,000000;0;0,000000;0;0,000000;0;263680,000000;1;0,000000;0;-263680,000000;0;;1,000000;-1,000000;1,000000;-238681,000000;-238681,000000;-0,795603;-1,000000;-263680,000000;-0,878933;-1,000000
0;126;0,050000;24999,000000;0,000000;0,000000;1;0,000000;1,000000;0,000000;0;0,205234;0;262360,000000;0,000000;0,000000;0;1,000000;0;24999,000000;0;0,000000;0;0,000000;0;262360,000000;1;0,000000;0;-262360,000000;0;;1,000000;-1,000000;1,000000;-237361,000000;-237361,000000;-0,791203;-1,000000;-262360,000000;-0,874533;-1,000000
0;127;0,050000;24999,000000;0,000000;0,000000;1;0,000000;1,000000;0,000000;0;0,205234;0;276000,000000;0,000000;0,000000;0;1,000000;0;56499,000000;0;0,000000;0;0,000000;0;276000,000000;1;0,000000;0;-276000,000000;0;;1,000000;-1,000000;1,000000;-219501,000000;-219501,000000;-0,731670;-1,000000;-276000,000000;-0,920000;-1,000000
0;128;0,050000;24999,000000;0,000000;0,000000;1;0,000000;1,000000;0,000000;0;0,205234;0;300000,000000;0,000000;0,000000;0;1,000000;0;123999,000000;0;0,000000;0;0,000000;0;300000,000000;1;0,000000;0;-300000,000000;0;;1,000000;-1,000000;1,000000;-176001,000000;-176001,000000;-0,586670;-1,000000;-300000,000000;-1,000000;-1,000000
0;129;0,050000;24999,000000;0,000000;0,000000;1;0,000000;1,000000;0,000000;0;0,205234;0;300000,000000;0,000000;0,000000;0;1,000000;0;173499,000000;0;0,000000;0;0,000000;0;300000,000000;1;0,000000;0;-300000,000000;0;;1,000000;-1,000000;1,000000;-126501,000000;-126501,000000;-0,421670;-1,000000;-300000,000000;-1,000000;-1,000000
0;130;0,050000;24999,000000;0,000000;0,000000;1;0,000000;0,000000;0,000000;0;0,205234;0;300000,000000;0,000000;0,000000;0;1,000000;0;200499,000000;0;0,000000;0;0,000000;0;300000,000000;1;0,000000;0;-300000,000000;0;;1,000000;-1,000000;-1,000000;-99501,000000;-99501,000000;-0,331670;-1,000000;-300000,000000;-1,000000;-1,000000
0;131;0,050000;24999,000000;0,000000;0,000000;1;0,000000;1,000000;0,000000;0;0,205234;0;300000,000000;0,000000;0,000000;0;1,000000;0;110499,000000;0;0,000000;0;0,000000;0;300000,000000;1;0,000000;0;-300000,000000;0;;1,000000;-1,000000;1,000000;-189501,000000;-189501,000000;-0,631670;-1,000000;-300000,000000;-1,000000;-1,000000
0;132;0,050000;24999,000000;0,000000;0,000000;1;0,000000;1,000000;0,000000;0;0,205234;0;300000,000000;0,000000;0,000000;0;1,000000;0;83499,000000;0;0,000000;0;0,000000;0;300000,000000;1;0,000000;0;-300000,000000;0;;1,000000;-1,000000;1,000000;-216501,000000;-216501,000000;-0,721670;-1,000000;-300000,000000;-1,000000;-1,000000
0;133;0,050000;24999,000000;0,000000;0,000000;1;0,000000;1,000000;0,000000;0;0,205234;0;282800,000000;0,000000;0,000000;0;1,000000;0;60999,000000;0;0,000000;0;0,000000;0;282800,000000;1;0,000000;0;-282800,000000;0;;1,000000;-1,000000;1,000000;-221801,000000;-221801,000000;-0,739337;-1,000000;-282800,000000;-0,942667;-1,000000
0;134;0,050000;65526,000000;0,000000;0,000000;1;0,000000;1,000000;0,000000;0;0,205234;0;271620,000000;0,000000;0,000000;0;1,000000;0;65526,000000;0;0,000000;0;0,000000;0;271620,000000;1;0,000000;0;-271620,000000;0;;1,000000;-1,000000;1,000000;-206094,000000;-206094,000000;-0,686980;-1,000000;-271620,000000;-0,905400;-1,000000
0;135;0,050000;188487,000000;0,000000;0,000000;1;0,000000;1,000000;0,000000;0;0,205234;0;282420,000000;0,000000;0,000000;0;1,000000;0;188487,000000;0;0,000000;0;0,000000;0;282420,000000;1;0,000000;0;-282420,000000;0;;1,000000;-1,000000;1,000000;-93933,000000;-93933,000000;-0,313110;-1,000000;-282420,000000;-0,941400;-1,000000
0;136;0,050000;192762,000000;0,000000;0,000000;1;0,000000;1,000000;0,000000;0;0,205234;0;282990,000000;0,000000;0,000000;0;1,000000;0;192762,000000;0;0,000000;0;0,000000;0;282990,000000;1;0,000000;0;-282990,000000;0;;1,000000;-1,000000;1,000000;-90228,000000;-90228,000000;-0,300760;-1,000000;-282990,000000;-0,943300;-1,000000
0;137;0,050000;218751,000000;0,000000;0,000000;1;0,000000;1,000000;0,000000;0;0,205234;0;300000,000000;0,000000;0,000000;0;1,000000;0;218751,000000;0;0,000000;0;0,000000;0;300000,000000;1;0,000000;0;-300000,000000;0;;1,000000;-1,000000;1,000000;-81249,000000;-81249,000000;-0,270830;-1,000000;-300000,000000;-1,000000;-1,000000
0;138;0,050000;206250,000000;0,000000;0,000000;1;0,000000;1,000000;0,000000;0;0,205234;0;300000,000000;0,000000;0,000000;0;1,000000;0;206250,000000;0;0,000000;0;0,000000;0;300000,000000;1;0,000000;0;-300000,000000;0;;1,000000;-1,000000;1,000000;-93750,000000;-93750,000000;-0,312500;-1,000000;-300000,000000;-1,000000;-1,000000
0;139;0,050000;193749,000000;0,000000;0,000000;1;0,000000;1,000000;0,000000;0;0,205234;0;300000,000000;0,000000;0,000000;0;1,000000;0;193749,000000;0;0,000000;0;0,000000;0;300000,000000;1;0,000000;0;-300000,000000;0;;1,000000;-1,000000;1,000000;-106251,000000;-106251,000000;-0,354170;-1,000000;-300000,000000;-1,000000;-1,000000
0;140;0,050000;74013,000000;0,000000;0,000000;1;0,000000;1,000000;0,000000;0;0,205234;0;299160,000000;0,000000;0,000000;0;1,000000;0;74013,000000;0;0,000000;0;0,000000;0;299160,000000;1;0,000000;0;-299160,000000;0;;1,000000;-1,000000;1,000000;-225147,000000;-225147,000000;-0,750490;-1,000000;-299160,000000;-0,997200;-1,000000
0;141;0,050000;24999,000000;0,000000;0,000000;1;0,000000;1,000000;0,000000;0;0,205234;0;283470,000000;0,000000;0,000000;0;1,000000;0;24999,000000;0;0,000000;0;0,000000;0;283470,000000;1;0,000000;0;-283470,000000;0;;1,000000;-1,000000;1,000000;-258471,000000;-258471,000000;-0,861570;-1,000000;-283470,000000;-0,944900;-1,000000
0;142;0,050000;115461,000000;0,000000;0,000000;1;0,000000;1,000000;0,000000;0;0,205234;0;238150,000000;0,000000;0,000000;0;1,000000;0;115461,000000;0;0,000000;0;0,000000;0;238150,000000;1;0,000000;0;-238150,000000;0;;1,000000;-1,000000;1,000000;-122689,000000;-122689,000000;-0,408963;-1,000000;-238150,000000;-0,793833;-1,000000
0;143;0,050000;318750,000000;1,000000;318750,000000;1;95210,000000;1,000000;-95210,000000;0;0,209201;0;0,000000;1,000000;0,000000;0;1,000000;0;0,000000;0;318750,000000;1;318750,000000;1;318750,000000;1;0,000000;0;0,000000;0;;1,000000;0,790799;-1,000000;95210,000000;-223540,000000;-0,745133;-1,000000;95210,000000;0,317367;1,000000
0;144;0,050000;343749,000000;1,000000;343749,000000;1;123749,000000;1,000000;-123749,000000;0;0,214358;0;0,000000;0,000000;0,000000;0;1,000000;0;0,000000;0;343749,000000;1;343749,000000;1;343749,000000;1;0,000000;0;0,000000;0;;1,000000;0,785642;1,000000;123749,000000;-220000,000000;-0,733333;-1,000000;123749,000000;0,412497;1,000000
0;145;0,050000;346710,000000;1,000000;346710,000000;1;122710,000000;1,000000;-122710,000000;0;0,219471;0;0,000000;0,000000;0,000000;0;1,000000;0;0,000000;0;346710,000000;1;346710,000000;1;346710,000000;1;0,000000;0;0,000000;0;;1,000000;0,780529;1,000000;122710,000000;-224000,000000;-0,746667;-1,000000;122710,000000;0,409033;1,000000
0;146;0,050000;343749,000000;1,000000;343749,000000;1;143749,000000;1,000000;-143749,000000;0;0,225460;0;0,000000;0,000000;0,000000;0;1,000000;0;0,000000;0;343749,000000;1;343749,000000;1;343749,000000;1;0,000000;0;0,000000;0;;1,000000;0,774540;1,000000;143749,000000;-200000,000000;-0,666667;-1,000000;143749,000000;0,479163;1,000000
0;147;0,050000;343749,000000;1,000000;343749,000000;1;147749,000000;1,000000;-147749,000000;0;0,231616;0;0,000000;0,000000;0,000000;0;1,000000;0;0,000000;0;343749,000000;1;343749,000000;1;343749,000000;1;0,000000;0;0,000000;0;;1,000000;0,768384;1,000000;147749,000000;-196000,000000;-0,653333;-1,000000;147749,000000;0,492497;1,000000
0;148;0,050000;316512,000000;1,000000;316512,000000;1;98322,000000;1,000000;-98322,000000;0;0,235713;0;0,000000;0,000000;0,000000;0;1,000000;0;0,000000;0;316512,000000;1;316512,000000;1;316512,000000;1;0,000000;0;0,000000;0;;1,000000;0,764287;1,000000;98322,000000;-218190,000000;-0,727300;-1,000000;98322,000000;0,327740;1,000000
0;149;0,050000;281448,000000;1,000000;281448,000000;1;46478,000000;1,000000;-46478,000000;0;0,237650;0;0,000000;0,000000;0,000000;0;1,000000;0;27000,000000;0;281448,000000;1;281448,000000;1;281448,000000;1;0,000000;0;0,000000;0;;1,000000;0,762350;1,000000;73478,000000;-207970,000000;-0,693233;-1,000000;46478,000000;0,154927;1,000000
0;150;0,050000;278619,000000;0,000000;0,000000;1;0,000000;1,000000;0,000000;0;0,237650;0;254530,000000;0,000000;0,000000;0;1,000000;0;350619,000000;1;0,000000;0;0,000000;0;254530,000000;1;0,000000;0;-254530,000000;0;;-1,000000;-1,000000;1,000000;96089,000000;96089,000000;0,320297;1,000000;-254530,000000;-0,848433;-1,000000
0;151;0,050000;272304,000000;1,000000;272304,000000;1;0,000000;1,000000;0,000000;0;0,237650;0;7566,000000;0,000000;0,000000;0;1,000000;0;135000,000000;0;272304,000000;1;272304,000000;1;279870,000000;1;0,000000;0;-7566,000000;0;;1,000000;-1,000000;1,000000;127434,000000;-144870,000000;-0,482900;-1,000000;-7566,000000;-0,025220;-1,000000
0;152;0,050000;41250,000000;0,000000;0,000000;1;0,000000;1,000000;0,000000;0;0,237650;0;300000,000000;0,000000;0,000000;0;1,000000;0;270750,000000;0;0,000000;0;0,000000;0;300000,000000;1;0,000000;0;-300000,000000;0;;1,000000;-1,000000;1,000000;-29250,000000;-29250,000000;-0,097500;-1,000000;-300000,000000;-1,000000;-1,000000
0;153;0,050000;24999,000000;1,000000;24999,000000;1;0,000000;1,000000;0,000000;0;0,237650;0;275001,000000;0,000000;0,000000;0;1,000000;0;396000,000000;1;24999,000000;1;24999,000000;1;300000,000000;1;0,000000;0;-275001,000000;0;;1,000000;-1,000000;1,000000;120999,000000;96000,000000;0,320000;1,000000;-275001,000000;-0,916670;-1,000000
0;154;0,050000;43356,000000;1,000000;43356,000000;1;0,000000;1,000000;0,000000;0;0,237650;0;256644,000000;0,000000;0,000000;0;1,000000;0;423000,000000;1;43356,000000;1;43356,000000;1;300000,000000;1;0,000000;0;-256644,000000;0;;1,000000;-1,000000;1,000000;166356,000000;123000,000000;0,410000;1,000000;-256644,000000;-0,855480;-1,000000
0;155;0,050000;193749,000000;1,000000;193749,000000;1;0,000000;1,000000;0,000000;0;0,237650;0;106251,000000;0,000000;0,000000;0;1,000000;0;252000,000000;0;193749,000000;1;193749,000000;1;300000,000000;1;0,000000;0;-106251,000000;0;;1,000000;-1,000000;1,000000;145749,000000;-48000,000000;-0,160000;-1,000000;-106251,000000;-0,354170;-1,000000
0;156;0,050000;218751,000000;1,000000;218751,000000;1;0,000000;1,000000;0,000000;0;0,237650;0;81249,000000;0,000000;0,000000;0;1,000000;0;171000,000000;0;218751,000000;1;218751,000000;1;300000,000000;1;0,000000;0;-81249,000000;0;;1,000000;-1,000000;1,000000;89751,000000;-129000,000000;-0,430000;-1,000000;-81249,000000;-0,270830;-1,000000
0;157;0,050000;187500,000000;0,000000;0,000000;1;0,000000;1,000000;0,000000;0;0,237650;0;300000,000000;0,000000;0,000000;0;1,000000;0;286500,000000;0;0,000000;0;0,000000;0;300000,000000;1;0,000000;0;-300000,000000;0;;1,000000;-1,000000;1,000000;-13500,000000;-13500,000000;-0,045000;-1,000000;-300000,000000;-1,000000;-1,000000
0;158;0,050000;144672,000000;0,000000;0,000000;1;0,000000;1,000000;0,000000;0;0,237650;0;278110,000000;0,000000;0,000000;0;1,000000;0;185172,000000;0;0,000000;0;0,000000;0;278110,000000;1;0,000000;0;-278110,000000;0;;1,000000;-1,000000;1,000000;-92938,000000;-92938,000000;-0,309793;-1,000000;-278110,000000;-0,927033;-1,000000
0;159;0,050000;256251,000000;1,000000;256251,000000;1;0,000000;1,000000;0,000000;0;0,237650;0;3749,000000;0,000000;0,000000;0;1,000000;0;22500,000000;0;256251,000000;1;256251,000000;1;260000,000000;1;0,000000;0;-3749,000000;0;;1,000000;-1,000000;1,000000;18751,000000;-237500,000000;-0,791667;-1,000000;-3749,000000;-0,012497;-1,000000
0;160;0,050000;279276,000000;0,000000;0,000000;1;0,000000;1,000000;0,000000;0;0,237650;0;289470,000000;0,000000;0,000000;0;1,000000;0;279276,000000;0;0,000000;0;0,000000;0;289470,000000;1;0,000000;0;-289470,000000;0;;1,000000;-1,000000;1,000000;-10194,000000;-10194,000000;-0,033980;-1,000000;-289470,000000;-0,964900;-1,000000
0;161;0,050000;337500,000000;1,000000;337500,000000;1;37500,000000;1,000000;-37500,000000;0;0,239212;0;0,000000;0,000000;0,000000;0;1,000000;0;0,000000;0;337500,000000;1;337500,000000;1;337500,000000;1;0,000000;0;0,000000;0;;1,000000;0,760788;1,000000;37500,000000;-300000,000000;-1,000000;-1,000000;37500,000000;0,125000;1,000000
0;162;0,050000;143751,000000;0,000000;0,000000;1;0,000000;1,000000;0,000000;0;0,239212;0;300000,000000;0,000000;0,000000;0;1,000000;0;143751,000000;0;0,000000;0;0,000000;0;300000,000000;1;0,000000;0;-300000,000000;0;;1,000000;-1,000000;1,000000;-156249,000000;-156249,000000;-0,520830;-1,000000;-300000,000000;-1,000000;-1,000000
0;163;0,050000;337302,000000;1,000000;337302,000000;1;37302,000000;1,000000;-37302,000000;0;0,240766;0;0,000000;0,000000;0,000000;0;1,000000;0;0,000000;0;337302,000000;1;337302,000000;1;337302,000000;1;0,000000;0;0,000000;0;;1,000000;0,759234;1,000000;37302,000000;-300000,000000;-1,000000;-1,000000;37302,000000;0,124340;1,000000
0;164;0,050000;343749,000000;1,000000;343749,000000;1;43789,000000;1,000000;-43789,000000;0;0,242591;0;0,000000;0,000000;0,000000;0;1,000000;0;0,000000;0;343749,000000;1;343749,000000;1;343749,000000;1;0,000000;0;0,000000;0;;1,000000;0,757409;1,000000;43789,000000;-299960,000000;-0,999867;-1,000000;43789,000000;0,145963;1,000000
0;165;0,050000;334539,000000;1,000000;334539,000000;1;34539,000000;1,000000;-34539,000000;0;0,244030;0;0,000000;0,000000;0,000000;0;1,000000;0;0,000000;0;334539,000000;1;334539,000000;1;334539,000000;1;0,000000;0;0,000000;0;;1,000000;0,755970;1,000000;34539,000000;-300000,000000;-1,000000;-1,000000;34539,000000;0,115130;1,000000
0;166;0,050000;190986,000000;0,000000;0,000000;1;0,000000;1,000000;0,000000;0;0,244030;0;248880,000000;0,000000;0,000000;0;1,000000;0;190986,000000;0;0,000000;0;0,000000;0;248880,000000;1;0,000000;0;-248880,000000;0;;1,000000;-1,000000;1,000000;-57894,000000;-57894,000000;-0,192980;-1,000000;-248880,000000;-0,829600;-1,000000
0;167;0,050000;223947,000000;0,000000;0,000000;1;0,000000;1,000000;0,000000;0;0,244030;0;264000,000000;0,000000;0,000000;0;1,000000;0;223947,000000;0;0,000000;0;0,000000;0;264000,000000;1;0,000000;0;-264000,000000;0;;1,000000;-1,000000;1,000000;-40053,000000;-40053,000000;-0,133510;-1,000000;-264000,000000;-0,880000;-1,000000
0;168;0,050000;162501,000000;0,000000;0,000000;1;0,000000;1,000000;0,000000;0;0,244030;0;244000,000000;0,000000;0,000000;0;1,000000;0;162501,000000;0;0,000000;0;0,000000;0;244000,000000;1;0,000000;0;-244000,000000;0;;1,000000;-1,000000;1,000000;-81499,000000;-81499,000000;-0,271663;-1,000000;-244000,000000;-0,813333;-1,000000
0;169;0,050000;191973,000000;0,000000;0,000000;1;0,000000;1,000000;0,000000;0;0,244030;0;196270,000000;0,000000;0,000000;0;1,000000;0;191973,000000;0;0,000000;0;0,000000;0;196270,000000;1;0,000000;0;-196270,000000;0;;1,000000;-1,000000;1,000000;-4297,000000;-4297,000000;-0,014323;-1,000000;-196270,000000;-0,654233;-1,000000
0;170;0,050000;136185,000000;0,000000;0,000000;1;0,000000;1,000000;0,000000;0;0,244030;0;204000,000000;0,000000;0,000000;0;1,000000;0;136185,000000;0;0,000000;0;0,000000;0;204000,000000;1;0,000000;0;-204000,000000;0;;1,000000;-1,000000;1,000000;-67815,000000;-67815,000000;-0,226050;-1,000000;-204000,000000;-0,680000;-1,000000
0;171;0,050000;225000,000000;1,000000;225000,000000;1;25000,000000;1,000000;-25000,000000;0;0,245072;0;0,000000;0,000000;0,000000;0;1,000000;0;0,000000;0;225000,000000;1;225000,000000;1;225000,000000;1;0,000000;0;0,000000;0;;1,000000;0,754928;1,000000;25000,000000;-200000,000000;-0,666667;-1,000000;25000,000000;0,083333;1,000000
0;172;0,050000;224802,000000;1,000000;224802,000000;1;802,000000;1,000000;-802,000000;0;0,245105;0;0,000000;0,000000;0,000000;0;1,000000;0;9000,000000;0;224802,000000;1;224802,000000;1;224802,000000;1;0,000000;0;0,000000;0;;1,000000;-1,000000;1,000000;9802,000000;-215000,000000;-0,716667;-1,000000;802,000000;0,002673;0,000000
0;173;0,050000;134868,000000;0,000000;0,000000;1;0,000000;1,000000;0,000000;0;0,245105;0;264000,000000;0,000000;0,000000;0;1,000000;0;202368,000000;0;0,000000;0;0,000000;0;264000,000000;1;0,000000;0;-264000,000000;0;;1,000000;-1,000000;1,000000;-61632,000000;-61632,000000;-0,205440;-1,000000;-264000,000000;-0,880000;-1,000000
0;174;0,050000;24999,000000;0,000000;0,000000;1;0,000000;1,000000;0,000000;0;0,245105;0;280000,000000;0,000000;0,000000;0;1,000000;0;146499,000000;0;0,000000;0;0,000000;0;280000,000000;1;0,000000;0;-280000,000000;0;;1,000000;-1,000000;1,000000;-133501,000000;-133501,000000;-0,445003;-1,000000;-280000,000000;-0,933333;-1,000000
0;175;0,050000;24999,000000;0,000000;0,000000;1;0,000000;1,000000;0,000000;0;0,245105;0;283050,000000;0,000000;0,000000;0;1,000000;0;276999,000000;0;0,000000;0;0,000000;0;283050,000000;1;0,000000;0;-283050,000000;0;;1,000000;-1,000000;1,000000;-6051,000000;-6051,000000;-0,020170;-1,000000;-283050,000000;-0,943500;-1,000000
0;176;0,050000;51645,000000;1,000000;51645,000000;1;0,000000;1,000000;0,000000;0;0,245105;0;248355,000000;0,000000;0,000000;0;1,000000;0;328500,000000;1;51645,000000;1;51645,000000;1;300000,000000;1;0,000000;0;-248355,000000;0;;1,000000;-1,000000;1,000000;80145,000000;28500,000000;0,095000;1,000000;-248355,000000;-0,827850;-1,000000
0;177;0,050000;287499,000000;1,000000;287499,000000;1;0,000000;1,000000;0,000000;0;0,245105;0;12501,000000;0,000000;0,000000;0;1,000000;0;450000,000000;1;287499,000000;1;287499,000000;1;300000,000000;1;0,000000;0;-12501,000000;0;;1,000000;-1,000000;1,000000;437499,000000;150000,000000;0,500000;1,000000;-12501,000000;-0,041670;-1,000000
0;178;0,050000;239670,000000;1,000000;239670,000000;1;0,000000;1,000000;0,000000;0;0,245105;0;60330,000000;0,000000;0,000000;0;1,000000;0;436500,000000;1;239670,000000;1;239670,000000;1;300000,000000;1;0,000000;0;-60330,000000;0;;1,000000;-1,000000;1,000000;376170,000000;136500,000000;0,455000;1,000000;-60330,000000;-0,201100;-1,000000
0;179;0,050000;216975,000000;1,000000;216975,000000;1;0,000000;1,000000;0,000000;0;0,245105;0;83025,000000;1,000000;83025,000000;1;1,000000;0;292500,000000;0;216975,000000;1;300000,000000;1;300000,000000;1;83025,000000;1;0,000000;0;;1,000000;-1,000000;-1,000000;209475,000000;-7500,000000;-0,025000;-1,000000;-83025,000000;-0,276750;-1,000000
0;180;0,050000;308883,000000;1,000000;308883,000000;1;8883,000000;1,000000;-8883,000000;0;0,245475;0;0,000000;0,000000;0,000000;0;1,000000;0;229500,000000;0;308883,000000;1;308883,000000;1;308883,000000;1;0,000000;0;0,000000;0;;1,000000;0,754525;1,000000;238383,000000;-70500,000000;-0,235000;-1,000000;8883,000000;0,029610;1,000000
0;181;0,050000;312501,000000;1,000000;312501,000000;1;30331,000000;1,000000;-30331,000000;0;0,246739;0;0,000000;0,000000;0,000000;0;1,000000;0;126000,000000;0;312501,000000;1;312501,000000;1;312501,000000;1;0,000000;0;0,000000;0;;1,000000;0,753261;1,000000;156331,000000;-156170,000000;-0,520567;-1,000000;30331,000000;0,101103;1,000000
0;182;0,050000;342303,000000;1,000000;342303,000000;1;62013,000000;1,000000;-62013,000000;0;0,249323;0;0,000000;0,000000;0,000000;0;1,000000;0;49500,000000;0;342303,000000;1;342303,000000;1;342303,000000;1;0,000000;0;0,000000;0;;1,000000;0,750677;1,000000;111513,000000;-230790,000000;-0,769300;-1,000000;62013,000000;0,206710;1,000000
0;183;0,050000;331251,000000;1,000000;331251,000000;1;54701,000000;1,000000;-54701,000000;0;0,251602;0;0,000000;0,000000;0,000000;0;1,000000;0;45000,000000;0;331251,000000;1;331251,000000;1;331251,000000;1;0,000000;0;0,000000;0;;1,000000;0,748398;1,000000;99701,000000;-231550,000000;-0,771833;-1,000000;54701,000000;0,182337;1,000000
0;184;0,050000;302304,000000;0,000000;0,000000;1;300000,000000;2,000000;300000,000000;0;0,239102;0;0,000000;0,000000;0,000000;0;1,000000;0;302304,000000;1;0,000000;0;300000,000000;1;300000,000000;1;0,000000;0;0,000000;0;;1,000000;-1,000000;1,000000;2304,000000;2304,000000;0,007680;0,000000;-300000,000000;-1,000000;-1,000000
0;185;0,050000;263157,000000;0,000000;0,000000;1;0,000000;1,000000;0,000000;0;0,239102;0;300000,000000;0,000000;0,000000;0;1,000000;0;263157,000000;0;0,000000;0;0,000000;0;300000,000000;1;0,000000;0;-300000,000000;0;;1,000000;-1,000000;1,000000;-36843,000000;-36843,000000;-0,122810;-1,000000;-300000,000000;-1,000000;-1,000000
0;186;0,050000;253488,000000;0,000000;0,000000;1;0,000000;1,000000;0,000000;0;0,239102;0;300000,000000;0,000000;0,000000;0;1,000000;0;253488,000000;0;0,000000;0;0,000000;0;300000,000000;1;0,000000;0;-300000,000000;0;;1,000000;-1,000000;1,000000;-46512,000000;-46512,000000;-0,155040;-1,000000;-300000,000000;-1,000000;-1,000000
0;187;0,050000;239409,000000;0,000000;0,000000;1;0,000000;1,000000;0,000000;0;0,239102;0;300000,000000;1,000000;300000,000000;1;1,000000;0;239409,000000;0;0,000000;0;300000,000000;1;300000,000000;1;300000,000000;1;0,000000;0;;1,000000;-1,000000;-1,000000;-60591,000000;-60591,000000;-0,201970;-1,000000;-300000,000000;-1,000000;-1,000000
0;188;0,050000;187500,000000;0,000000;0,000000;1;0,000000;1,000000;0,000000;0;0,239102;0;290780,000000;0,000000;0,000000;0;1,000000;0;187500,000000;0;0,000000;0;0,000000;0;290780,000000;1;0,000000;0;-290780,000000;0;;1,000000;-1,000000;1,000000;-103280,000000;-103280,000000;-0,344267;-1,000000;-290780,000000;-0,969267;-1,000000
0;189;0,050000;186117,000000;0,000000;0,000000;1;0,000000;1,000000;0,000000;0;0,239102;0;277540,000000;0,000000;0,000000;0;1,000000;0;186117,000000;0;0,000000;0;0,000000;0;277540,000000;1;0,000000;0;-277540,000000;0;;1,000000;-1,000000;1,000000;-91423,000000;-91423,000000;-0,304743;-1,000000;-277540,000000;-0,925133;-1,000000
