experiment_id,alpha,gamma,epsilon_min,episode_window_hours,seed,mean_abs_imbalance,max_abs_imbalance,imbalance_std,imbalance_trend,improvement_ratio,valid,success,error
1,0.2,0.85,0.1,96,42,inf,inf,inf,0.0,0.0,False,False,TabularQL.__init__() got an unexpected keyword argument 'alpha_min'
2,0.2,0.85,0.1,96,43,inf,inf,inf,0.0,0.0,False,False,TabularQL.__init__() got an unexpected keyword argument 'alpha_min'
3,0.2,0.85,0.1,168,42,inf,inf,inf,0.0,0.0,False,False,TabularQL.__init__() got an unexpected keyword argument 'alpha_min'
4,0.2,0.85,0.1,168,43,inf,inf,inf,0.0,0.0,False,False,TabularQL.__init__() got an unexpected keyword argument 'alpha_min'
5,0.2,0.85,0.1,240,42,inf,inf,inf,0.0,0.0,False,False,TabularQL.__init__() got an unexpected keyword argument 'alpha_min'
6,0.2,0.85,0.1,240,43,inf,inf,inf,0.0,0.0,False,False,TabularQL.__init__() got an unexpected keyword argument 'alpha_min'
7,0.2,0.85,0.15,96,42,inf,inf,inf,0.0,0.0,False,False,TabularQL.__init__() got an unexpected keyword argument 'alpha_min'
8,0.2,0.85,0.15,96,43,inf,inf,inf,0.0,0.0,False,False,TabularQL.__init__() got an unexpected keyword argument 'alpha_min'
9,0.2,0.85,0.15,168,42,inf,inf,inf,0.0,0.0,False,False,TabularQL.__init__() got an unexpected keyword argument 'alpha_min'
10,0.2,0.85,0.15,168,43,inf,inf,inf,0.0,0.0,False,False,TabularQL.__init__() got an unexpected keyword argument 'alpha_min'
11,0.2,0.85,0.15,240,42,inf,inf,inf,0.0,0.0,False,False,TabularQL.__init__() got an unexpected keyword argument 'alpha_min'
12,0.2,0.85,0.15,240,43,inf,inf,inf,0.0,0.0,False,False,TabularQL.__init__() got an unexpected keyword argument 'alpha_min'
13,0.2,0.85,0.2,96,42,inf,inf,inf,0.0,0.0,False,False,TabularQL.__init__() got an unexpected keyword argument 'alpha_min'
14,0.2,0.85,0.2,96,43,inf,inf,inf,0.0,0.0,False,False,TabularQL.__init__() got an unexpected keyword argument 'alpha_min'
15,0.2,0.85,0.2,168,42,inf,inf,inf,0.0,0.0,False,False,TabularQL.__init__() got an unexpected keyword argument 'alpha_min'
16,0.2,0.85,0.2,168,43,inf,inf,inf,0.0,0.0,False,False,TabularQL.__init__() got an unexpected keyword argument 'alpha_min'
17,0.2,0.85,0.2,240,42,inf,inf,inf,0.0,0.0,False,False,TabularQL.__init__() got an unexpected keyword argument 'alpha_min'
18,0.2,0.85,0.2,240,43,inf,inf,inf,0.0,0.0,False,False,TabularQL.__init__() got an unexpected keyword argument 'alpha_min'
19,0.2,0.85,0.25,96,42,inf,inf,inf,0.0,0.0,False,False,TabularQL.__init__() got an unexpected keyword argument 'alpha_min'
20,0.2,0.85,0.25,96,43,inf,inf,inf,0.0,0.0,False,False,TabularQL.__init__() got an unexpected keyword argument 'alpha_min'
21,0.2,0.85,0.25,168,42,inf,inf,inf,0.0,0.0,False,False,TabularQL.__init__() got an unexpected keyword argument 'alpha_min'
22,0.2,0.85,0.25,168,43,inf,inf,inf,0.0,0.0,False,False,TabularQL.__init__() got an unexpected keyword argument 'alpha_min'
23,0.2,0.85,0.25,240,42,inf,inf,inf,0.0,0.0,False,False,TabularQL.__init__() got an unexpected keyword argument 'alpha_min'
24,0.2,0.85,0.25,240,43,inf,inf,inf,0.0,0.0,False,False,TabularQL.__init__() got an unexpected keyword argument 'alpha_min'
25,0.2,0.85,0.3,96,42,inf,inf,inf,0.0,0.0,False,False,TabularQL.__init__() got an unexpected keyword argument 'alpha_min'
26,0.2,0.85,0.3,96,43,inf,inf,inf,0.0,0.0,False,False,TabularQL.__init__() got an unexpected keyword argument 'alpha_min'
27,0.2,0.85,0.3,168,42,inf,inf,inf,0.0,0.0,False,False,TabularQL.__init__() got an unexpected keyword argument 'alpha_min'
28,0.2,0.85,0.3,168,43,inf,inf,inf,0.0,0.0,False,False,TabularQL.__init__() got an unexpected keyword argument 'alpha_min'
29,0.2,0.85,0.3,240,42,inf,inf,inf,0.0,0.0,False,False,TabularQL.__init__() got an unexpected keyword argument 'alpha_min'
30,0.2,0.85,0.3,240,43,inf,inf,inf,0.0,0.0,False,False,TabularQL.__init__() got an unexpected keyword argument 'alpha_min'
31,0.2,0.88,0.1,96,42,inf,inf,inf,0.0,0.0,False,False,TabularQL.__init__() got an unexpected keyword argument 'alpha_min'
32,0.2,0.88,0.1,96,43,inf,inf,inf,0.0,0.0,False,False,TabularQL.__init__() got an unexpected keyword argument 'alpha_min'
33,0.2,0.88,0.1,168,42,inf,inf,inf,0.0,0.0,False,False,TabularQL.__init__() got an unexpected keyword argument 'alpha_min'
34,0.2,0.88,0.1,168,43,inf,inf,inf,0.0,0.0,False,False,TabularQL.__init__() got an unexpected keyword argument 'alpha_min'
35,0.2,0.88,0.1,240,42,inf,inf,inf,0.0,0.0,False,False,TabularQL.__init__() got an unexpected keyword argument 'alpha_min'
36,0.2,0.88,0.1,240,43,inf,inf,inf,0.0,0.0,False,False,TabularQL.__init__() got an unexpected keyword argument 'alpha_min'
37,0.2,0.88,0.15,96,42,inf,inf,inf,0.0,0.0,False,False,TabularQL.__init__() got an unexpected keyword argument 'alpha_min'
38,0.2,0.88,0.15,96,43,inf,inf,inf,0.0,0.0,False,False,TabularQL.__init__() got an unexpected keyword argument 'alpha_min'
39,0.2,0.88,0.15,168,42,inf,inf,inf,0.0,0.0,False,False,TabularQL.__init__() got an unexpected keyword argument 'alpha_min'
40,0.2,0.88,0.15,168,43,inf,inf,inf,0.0,0.0,False,False,TabularQL.__init__() got an unexpected keyword argument 'alpha_min'
41,0.2,0.88,0.15,240,42,inf,inf,inf,0.0,0.0,False,False,TabularQL.__init__() got an unexpected keyword argument 'alpha_min'
42,0.2,0.88,0.15,240,43,inf,inf,inf,0.0,0.0,False,False,TabularQL.__init__() got an unexpected keyword argument 'alpha_min'
43,0.2,0.88,0.2,96,42,inf,inf,inf,0.0,0.0,False,False,TabularQL.__init__() got an unexpected keyword argument 'alpha_min'
44,0.2,0.88,0.2,96,43,inf,inf,inf,0.0,0.0,False,False,TabularQL.__init__() got an unexpected keyword argument 'alpha_min'
45,0.2,0.88,0.2,168,42,inf,inf,inf,0.0,0.0,False,False,TabularQL.__init__() got an unexpected keyword argument 'alpha_min'
46,0.2,0.88,0.2,168,43,inf,inf,inf,0.0,0.0,False,False,TabularQL.__init__() got an unexpected keyword argument 'alpha_min'
47,0.2,0.88,0.2,240,42,inf,inf,inf,0.0,0.0,False,False,TabularQL.__init__() got an unexpected keyword argument 'alpha_min'
48,0.2,0.88,0.2,240,43,inf,inf,inf,0.0,0.0,False,False,TabularQL.__init__() got an unexpected keyword argument 'alpha_min'
49,0.2,0.88,0.25,96,42,inf,inf,inf,0.0,0.0,False,False,TabularQL.__init__() got an unexpected keyword argument 'alpha_min'
50,0.2,0.88,0.25,96,43,inf,inf,inf,0.0,0.0,False,False,TabularQL.__init__() got an unexpected keyword argument 'alpha_min'
51,0.2,0.88,0.25,168,42,inf,inf,inf,0.0,0.0,False,False,TabularQL.__init__() got an unexpected keyword argument 'alpha_min'
52,0.2,0.88,0.25,168,43,inf,inf,inf,0.0,0.0,False,False,TabularQL.__init__() got an unexpected keyword argument 'alpha_min'
53,0.2,0.88,0.25,240,42,inf,inf,inf,0.0,0.0,False,False,TabularQL.__init__() got an unexpected keyword argument 'alpha_min'
54,0.2,0.88,0.25,240,43,inf,inf,inf,0.0,0.0,False,False,TabularQL.__init__() got an unexpected keyword argument 'alpha_min'
55,0.2,0.88,0.3,96,42,inf,inf,inf,0.0,0.0,False,False,TabularQL.__init__() got an unexpected keyword argument 'alpha_min'
56,0.2,0.88,0.3,96,43,inf,inf,inf,0.0,0.0,False,False,TabularQL.__init__() got an unexpected keyword argument 'alpha_min'
57,0.2,0.88,0.3,168,42,inf,inf,inf,0.0,0.0,False,False,TabularQL.__init__() got an unexpected keyword argument 'alpha_min'
58,0.2,0.88,0.3,168,43,inf,inf,inf,0.0,0.0,False,False,TabularQL.__init__() got an unexpected keyword argument 'alpha_min'
59,0.2,0.88,0.3,240,42,inf,inf,inf,0.0,0.0,False,False,TabularQL.__init__() got an unexpected keyword argument 'alpha_min'
60,0.2,0.88,0.3,240,43,inf,inf,inf,0.0,0.0,False,False,TabularQL.__init__() got an unexpected keyword argument 'alpha_min'
61,0.2,0.9,0.1,96,42,inf,inf,inf,0.0,0.0,False,False,TabularQL.__init__() got an unexpected keyword argument 'alpha_min'
62,0.2,0.9,0.1,96,43,inf,inf,inf,0.0,0.0,False,False,TabularQL.__init__() got an unexpected keyword argument 'alpha_min'
63,0.2,0.9,0.1,168,42,inf,inf,inf,0.0,0.0,False,False,TabularQL.__init__() got an unexpected keyword argument 'alpha_min'
64,0.2,0.9,0.1,168,43,inf,inf,inf,0.0,0.0,False,False,TabularQL.__init__() got an unexpected keyword argument 'alpha_min'
65,0.2,0.9,0.1,240,42,inf,inf,inf,0.0,0.0,False,False,TabularQL.__init__() got an unexpected keyword argument 'alpha_min'
66,0.2,0.9,0.1,240,43,inf,inf,inf,0.0,0.0,False,False,TabularQL.__init__() got an unexpected keyword argument 'alpha_min'
67,0.2,0.9,0.15,96,42,inf,inf,inf,0.0,0.0,False,False,TabularQL.__init__() got an unexpected keyword argument 'alpha_min'
68,0.2,0.9,0.15,96,43,inf,inf,inf,0.0,0.0,False,False,TabularQL.__init__() got an unexpected keyword argument 'alpha_min'
69,0.2,0.9,0.15,168,42,inf,inf,inf,0.0,0.0,False,False,TabularQL.__init__() got an unexpected keyword argument 'alpha_min'
70,0.2,0.9,0.15,168,43,inf,inf,inf,0.0,0.0,False,False,TabularQL.__init__() got an unexpected keyword argument 'alpha_min'
71,0.2,0.9,0.15,240,42,inf,inf,inf,0.0,0.0,False,False,TabularQL.__init__() got an unexpected keyword argument 'alpha_min'
72,0.2,0.9,0.15,240,43,inf,inf,inf,0.0,0.0,False,False,TabularQL.__init__() got an unexpected keyword argument 'alpha_min'
73,0.2,0.9,0.2,96,42,inf,inf,inf,0.0,0.0,False,False,TabularQL.__init__() got an unexpected keyword argument 'alpha_min'
74,0.2,0.9,0.2,96,43,inf,inf,inf,0.0,0.0,False,False,TabularQL.__init__() got an unexpected keyword argument 'alpha_min'
75,0.2,0.9,0.2,168,42,inf,inf,inf,0.0,0.0,False,False,TabularQL.__init__() got an unexpected keyword argument 'alpha_min'
76,0.2,0.9,0.2,168,43,inf,inf,inf,0.0,0.0,False,False,TabularQL.__init__() got an unexpected keyword argument 'alpha_min'
77,0.2,0.9,0.2,240,42,inf,inf,inf,0.0,0.0,False,False,TabularQL.__init__() got an unexpected keyword argument 'alpha_min'
78,0.2,0.9,0.2,240,43,inf,inf,inf,0.0,0.0,False,False,TabularQL.__init__() got an unexpected keyword argument 'alpha_min'
79,0.2,0.9,0.25,96,42,inf,inf,inf,0.0,0.0,False,False,TabularQL.__init__() got an unexpected keyword argument 'alpha_min'
80,0.2,0.9,0.25,96,43,inf,inf,inf,0.0,0.0,False,False,TabularQL.__init__() got an unexpected keyword argument 'alpha_min'
81,0.2,0.9,0.25,168,42,inf,inf,inf,0.0,0.0,False,False,TabularQL.__init__() got an unexpected keyword argument 'alpha_min'
82,0.2,0.9,0.25,168,43,inf,inf,inf,0.0,0.0,False,False,TabularQL.__init__() got an unexpected keyword argument 'alpha_min'
83,0.2,0.9,0.25,240,42,inf,inf,inf,0.0,0.0,False,False,TabularQL.__init__() got an unexpected keyword argument 'alpha_min'
84,0.2,0.9,0.25,240,43,inf,inf,inf,0.0,0.0,False,False,TabularQL.__init__() got an unexpected keyword argument 'alpha_min'
85,0.2,0.9,0.3,96,42,inf,inf,inf,0.0,0.0,False,False,TabularQL.__init__() got an unexpected keyword argument 'alpha_min'
86,0.2,0.9,0.3,96,43,inf,inf,inf,0.0,0.0,False,False,TabularQL.__init__() got an unexpected keyword argument 'alpha_min'
87,0.2,0.9,0.3,168,42,inf,inf,inf,0.0,0.0,False,False,TabularQL.__init__() got an unexpected keyword argument 'alpha_min'
88,0.2,0.9,0.3,168,43,inf,inf,inf,0.0,0.0,False,False,TabularQL.__init__() got an unexpected keyword argument 'alpha_min'
89,0.2,0.9,0.3,240,42,inf,inf,inf,0.0,0.0,False,False,TabularQL.__init__() got an unexpected keyword argument 'alpha_min'
90,0.2,0.9,0.3,240,43,inf,inf,inf,0.0,0.0,False,False,TabularQL.__init__() got an unexpected keyword argument 'alpha_min'
91,0.2,0.92,0.1,96,42,inf,inf,inf,0.0,0.0,False,False,TabularQL.__init__() got an unexpected keyword argument 'alpha_min'
92,0.2,0.92,0.1,96,43,inf,inf,inf,0.0,0.0,False,False,TabularQL.__init__() got an unexpected keyword argument 'alpha_min'
93,0.2,0.92,0.1,168,42,inf,inf,inf,0.0,0.0,False,False,TabularQL.__init__() got an unexpected keyword argument 'alpha_min'
94,0.2,0.92,0.1,168,43,inf,inf,inf,0.0,0.0,False,False,TabularQL.__init__() got an unexpected keyword argument 'alpha_min'
95,0.2,0.92,0.1,240,42,inf,inf,inf,0.0,0.0,False,False,TabularQL.__init__() got an unexpected keyword argument 'alpha_min'
96,0.2,0.92,0.1,240,43,inf,inf,inf,0.0,0.0,False,False,TabularQL.__init__() got an unexpected keyword argument 'alpha_min'
97,0.2,0.92,0.15,96,42,inf,inf,inf,0.0,0.0,False,False,TabularQL.__init__() got an unexpected keyword argument 'alpha_min'
98,0.2,0.92,0.15,96,43,inf,inf,inf,0.0,0.0,False,False,TabularQL.__init__() got an unexpected keyword argument 'alpha_min'
99,0.2,0.92,0.15,168,42,inf,inf,inf,0.0,0.0,False,False,TabularQL.__init__() got an unexpected keyword argument 'alpha_min'
100,0.2,0.92,0.15,168,43,inf,inf,inf,0.0,0.0,False,False,TabularQL.__init__() got an unexpected keyword argument 'alpha_min'
