episode,solar#0,wind#0,battery#0,grid#0,load#0
0,-1.4576269791586667,-0.6556457501246669,-11.441250014012645,1.2413503837820004,-1.950000000000001
1,3.5274933588860007,2.1541871140386664,-2.5217786392042694,3.7333625118216665,-9.599999999999996
2,2.581238278556666,2.9340053717780004,-9.68122712713848,7.576535004866003,-3.750000000000001
3,4.011482544235333,1.894134498905667,-6.276374775229793,4.391805289533333,-6.449999999999992
4,3.283473728064332,1.6895026605343328,-7.506775441839062,5.84390737016867,-4.649999999999999
5,-0.10167362980866662,1.5427229092566668,-5.142911221581074,2.067853465547,-3.300000000000001
6,5.826192561060667,3.298587064803999,-6.411826253995362,6.121869913561334,-4.649999999999995
7,3.5756935772886655,2.9038730772559984,-5.060719540310911,6.389265066089999,-1.9500000000000015
8,-0.17934608267433316,1.5337142907380001,-6.080977192617216,0.867898672084334,-4.199999999999998
9,3.9010685366173328,5.520058514000334,-9.895491986250926,5.170067066981333,-6.449999999999992
10,6.174977397239999,2.153356370298332,-4.733039294138374,11.534811960689007,-6.899999999999994
11,6.247987934536665,3.3397038354903335,-10.804626938685113,10.739863636054674,-5.999999999999988
12,0.4993765758996657,2.6397036990456666,-11.220427243418605,5.808061132662334,-7.79999999999999
13,0.7373597916893334,-0.536620802793333,-8.211427225811697,1.2162606925176673,-2.4000000000000004
14,4.406860673299666,5.983671147830333,-9.704459857912244,5.985472518575005,-7.799999999999992
15,3.329947826241,3.5284639718473314,-2.2053490755903757,0.8803218710600001,-4.200000000000001
16,3.1707248008853335,3.4003535130403333,-8.938096727302092,2.0456166387150003,-3.75
17,0.5153844119939999,3.153431056892332,-9.236420426448069,3.7063988019176666,-1.0499999999999992
18,0.48707412914833315,1.561145219577667,-6.234326140160569,3.2364133674909996,-3.7499999999999996
19,6.015093965576332,3.565357832693666,-7.10638503391715,8.39508637462434,-2.850000000000002
20,4.255267180524999,4.493398900856666,-4.939449681188377,5.736027719807334,-3.749999999999999
21,3.2057758837906674,1.5737186429553334,-2.8747343696799326,5.459095443412668,-3.2999999999999994
22,3.065771247287332,2.9261516847763334,-6.6610869284522245,10.243792661961006,-7.349999999999993
23,3.2153853022376673,3.6412294991180003,-10.655004913024369,7.476939513015338,-5.549999999999997
24,2.446938004179333,4.755328689109997,-11.160151306462602,1.8931708662693334,-5.999999999999994
25,3.658575434743664,5.165920992590999,-11.738583812948576,5.752754989567671,-7.349999999999991
26,-0.4813779449679999,1.2709440664063336,-11.346600474418965,1.2676135869966665,-3.3000000000000007
27,3.4544995444669993,5.482054776538664,-9.70537138081686,3.849664996650666,-5.099999999999998
28,3.9452411071486657,4.957050421541998,-4.127395277252834,10.186948769235673,-5.549999999999999
29,6.826790556075998,2.8630960555216647,-6.30997307750115,7.2651894684483365,-6.449999999999992
30,-0.5122863187650006,5.3648386323683335,-7.8980782208270375,4.110329209843001,-9.149999999999995
31,5.3793896394296645,3.994680303251999,-7.46351012706206,8.272207882894005,-5.099999999999993
32,4.117054253028666,1.836168502597667,-11.124325985362507,2.0862856704563337,-3.3000000000000003
33,1.787675232444,0.2422585987006669,-9.314989544118585,4.399114795818,-4.2
34,5.711836552173334,5.254069581036998,-7.390062071222421,5.4551592393630015,-5.9999999999999964
35,5.922537358371,1.9504559555326668,-12.27641725026062,5.946004997162333,-7.349999999999991
36,0.9474966585829995,5.107438233854332,-3.836902606303561,5.953081867342002,-4.649999999999996
37,1.199795301429667,7.082316617753664,-5.029066252071745,7.905709231109337,-3.7499999999999982
38,2.2382659029010004,2.8501537823553322,-5.291537395026522,4.080069914848333,-5.549999999999995
39,-0.05044718500500045,-0.8628463809856664,-7.9917376031675635,6.663446761250337,-4.649999999999998
40,3.5799896765583314,2.9063658061479996,-9.452281267394442,8.19095657028367,-8.249999999999993
41,5.0476633400590005,3.998719799024332,-8.247227131717123,8.983183904669005,-6.899999999999995
42,3.4187246122150006,2.422811499867,-8.995252101649521,4.810733463199668,-2.8500000000000005
43,3.0208815429199993,1.6567390608636663,-12.294402663176452,3.981315770392667,-4.649999999999991
44,0.8628553612779997,7.694042488411665,-10.962751532508573,11.64354878834601,-5.999999999999995
45,1.664838156694332,2.898154951729998,-9.257641674641159,6.49346381021534,-3.75
46,5.35252451409533,3.332534657042332,-10.232956967874347,8.403655475619672,-5.999999999999993
47,3.753937552758332,3.1857907785326667,-6.735085590747238,11.123521241198006,-6.899999999999992
48,2.508628863293669,7.679238420339329,-10.434845430577456,6.5824334979760035,-3.7500000000000004
49,0.3453126067163332,0.1303225281586668,-10.583493146698096,5.599582472413336,-2.8500000000000014
50,3.842825399196333,5.795620179976665,-5.442574217921216,5.912981350904,-2.400000000000002
51,-2.0031252643776662,0.139951748147,-6.054705381411013,5.590077000532004,-6.899999999999991
52,4.211345544436664,2.8261500256479994,-4.396911913470711,9.558985182605339,-5.99999999999999
53,-1.0120572910249996,4.83157367633933,-8.711822224384408,2.069934816883334,-4.649999999999994
54,3.4437827861553316,3.609219602417333,-6.876645797365523,6.340873271559001,-8.249999999999995
55,1.7920947798799998,1.0427153308270005,-5.015554391850508,-0.8983128627720011,-3.7499999999999987
56,2.836025357559,-0.1541608753396663,-10.270895453288567,5.979253172131002,-3.3000000000000003
57,2.383138356514666,3.588759099924666,-8.088362345388624,9.064128000095343,-3.3000000000000003
58,2.361741535141,5.318104421208664,-7.42776430430216,2.836104390128998,-5.549999999999995
59,2.9158919722573318,2.025244865859333,-9.280736668228217,9.214170109755338,-5.549999999999993
60,4.303357633429333,7.250709255491333,-9.249786118512144,5.386807414531002,-3.7499999999999964
61,-0.2126581469856667,1.4116166187543338,-3.6442584140354053,5.618927298207001,-3.300000000000002
62,3.475270145254333,5.311881800646332,-8.450524868992137,4.758718000902003,-4.199999999999999
63,5.007796689642331,2.0097634939489994,-8.440706164270887,6.6030291747400005,-4.199999999999998
64,5.223298369189665,3.3561606505259967,-11.860693340084056,8.606336418001671,-4.199999999999997
65,7.502264072626333,0.047115083185999676,-6.277143991749892,7.224917341345671,-5.9999999999999885
66,6.928813910512666,3.799484367748332,-9.642466215402035,7.1591225623433346,-1.0500000000000027
67,4.021543794244998,1.6756910949770003,-9.743783857681004,9.239169387277677,-1.950000000000002
68,-0.9126764952646669,1.4710433770623335,-10.787461567933386,6.292390724285335,-5.549999999999998
69,1.1094138797016662,3.687606679245332,-8.625688348765218,7.649390320766007,-1.5000000000000022
70,2.171161866090333,3.0444085332506647,-9.17649908843392,6.372265004758337,-2.8500000000000014
71,1.769839388839333,3.4150542292573323,-10.402638621844524,6.461709955547339,-5.549999999999996
72,5.6938910284889985,7.616463474946669,-12.014369176308628,5.855012098676002,-6.449999999999993
73,6.142018730181004,4.760283456063332,-8.147208115485128,8.37803541274767,-6.449999999999996
74,3.695081409909999,5.313253224683666,-8.609999857517769,6.281947054035002,-1.9500000000000028
75,0.7026763309603336,0.8247950061223333,-8.972439534469645,7.657048891600668,-3.7500000000000004
76,6.211995460253999,5.504129499093332,-6.303525768583897,9.592853308135007,-1.5000000000000004
77,4.778400880554997,3.156571357290332,-5.693248038409561,13.60867356502568,-5.099999999999997
78,2.5460750506580005,5.484913421796333,-10.423660323495518,7.394191463148006,-5.0999999999999925
79,-1.0395435167819995,7.159748494864332,-10.657698059163017,8.251670170079672,-3.3
80,4.2554138984366645,5.150637660346997,-12.204835901732412,11.513218378480007,-1.0500000000000003
81,4.887696155342998,6.440407438001332,-9.160969425487465,9.51745523186334,-6.449999999999992
82,2.920000055623998,2.4048783924399983,-10.57008145122495,5.900706230370339,-3.3000000000000007
83,-3.955046021579,3.9576559262406654,-8.7858839592073,6.243619418534337,-4.199999999999996
84,3.0918121270993337,4.658589175545668,-9.994916035144367,7.367721425649007,-5.549999999999998
85,0.24896278708899997,2.432373663529667,-8.210383455474485,8.49433689285634,-4.199999999999998
86,0.6101875006983338,1.5830392912920002,-9.010357256624022,7.060047859989672,-3.75
87,1.3539788947266669,0.3886371507479999,-7.939822851043234,7.588692256348338,-4.649999999999998
88,3.373327556894,5.063491086345664,-4.922451089322792,8.962345487265004,-2.850000000000001
89,3.092003502146999,2.0474437995383328,-8.388785969070984,8.370125209055669,-4.649999999999998
90,4.525218859624333,4.545023008752664,-9.661927644687083,10.137666691617673,-3.7500000000000004
91,3.7131569585193334,2.1930609423253333,-6.911386335182804,4.689611706164334,-4.2
92,4.352745834227998,6.1245130984256635,-4.761102163466896,6.87375197555167,-6.4499999999999895
93,2.9036970253639978,5.687871724651999,-7.057535626018093,10.459032510919007,-5.999999999999991
94,2.659631658405333,3.9302878923420006,-6.382680401499898,7.919061001381337,-3.750000000000001
95,1.076422429209,2.1791323015693336,-1.1608711448506108,1.8008171819190004,-2.8500000000000014
96,3.363952453425665,3.436292218387665,-7.208941918179761,10.467157228789006,-4.199999999999999
97,2.581675919246333,1.5172684918596668,-3.3898275582596837,6.146135700483004,-3.7500000000000004
98,4.1582990780559985,3.527098074336666,-4.315573570468693,10.576611619577008,-4.649999999999999
99,3.432697308764666,2.252276981252333,-8.776123950521832,11.210765881801345,-4.2
100,-1.6448356925136676,4.461563948363997,-9.465389478038146,1.5565906273276653,-3.3
101,3.7592582484419994,2.732676130288999,-8.277626702419312,8.175709756575335,-2.8499999999999996
102,0.4761301172589999,4.644385174864998,-1.5998540777084072,2.5479030342933338,-0.5999999999999995
103,3.3532024628609993,4.284874462243001,-6.900815584359793,4.674019936032667,-3.2999999999999994
104,2.427314351776666,5.322233729839664,-6.562781824090877,4.1578847524416656,-1.9500000000000017
105,3.629120722686665,6.391780049325333,-5.761738664304341,7.1797612892303375,-1.5000000000000018
106,4.090419356511331,1.5799888773313313,-11.324674217673458,2.9396293109573324,-5.9999999999999885
107,4.948120731067332,5.502326100488666,-4.308073134674831,5.229681864594668,-3.75
108,6.821271707218331,6.341644177357665,-9.332562539724075,7.668614247292673,-1.9500000000000006
109,4.451518538861331,5.262460447593332,-3.6633834989677005,9.928301656032673,-2.400000000000001
110,3.1165310438849994,3.4510692973330004,0.7478342787437592,6.134476203119336,-3.7499999999999982
111,3.7647366103689976,2.2499784965516674,-6.941051190906786,6.957324045528672,-3.300000000000001
112,3.3190660159986676,2.8730922921339994,-7.415881159843582,5.328500174348333,-1.0500000000000003
113,5.009958343558999,4.233691343185667,-6.723815589053688,7.805446408311339,-1.4999999999999998
114,5.054284736854331,3.3678714586006655,-5.875502109384812,8.598641897232337,-6.899999999999996
115,3.6839690484456646,3.4606917554116667,-4.900276874945812,9.202066576080673,-2.4
116,0.7916219006870002,4.884037951098666,-8.07067037021357,9.498431076313674,-1.500000000000002
117,3.2505882179523327,0.5239452498616668,-12.896379139178045,3.367772962878334,-1.5000000000000013
118,4.935505444764667,0.9441671028406665,-1.2478476735387647,5.602623144263332,-4.6499999999999995
119,3.880928241676333,4.363927473602333,-9.529182367919352,4.843900084207003,-0.5999999999999994
120,4.233360673025332,2.0751330501670004,-5.488416700492659,9.422959274574344,-2.8500000000000005
121,4.563899948250665,4.645758501832,-6.771397254495622,11.04525018787201,-1.5000000000000009
122,1.264007152944,2.137079760797666,-4.116261509048958,9.888363877009006,-1.9500000000000028
123,4.345967114184664,5.537249118726667,-9.623114824137145,10.346572901895343,-3.749999999999999
124,7.6259632500433305,3.542570268112665,-8.874139152541554,8.79130371299134,-2.85
125,8.593585199907666,5.356184631769,-6.122545468236434,13.745211238258012,-4.649999999999997
126,4.717568678187,2.2694557389853327,-5.636823913668511,10.020142617553004,-4.649999999999997
127,1.7789269458776649,3.407951965216666,-6.681461642856342,13.061970779997012,-1.5000000000000002
128,1.7039380979110004,4.697018836391332,-4.680935966944495,10.564912288714336,-0.6000000000000013
129,1.7603578513453328,4.405741194118333,-3.7877651901660188,6.022348740746335,-2.4000000000000017
130,4.8191844180429975,5.7042232041126635,-6.61677915711732,8.771275474027341,-4.649999999999995
131,5.324232154323333,4.355570827507334,-4.5178814690383335,6.612104199030002,-2.85
132,2.7052362267633323,4.897523053564666,-5.864574652599016,9.543150627384339,-8.249999999999993
133,4.960182841533001,2.6682313792089998,-10.453303412920866,3.2116724396806653,-1.050000000000001
134,4.116786523805668,0.3604863464406669,-11.015571176048256,7.015480431130003,-1.5000000000000018
135,4.145828493720667,2.8382638460486667,-2.164566547663883,7.85127471026767,-1.9500000000000013
136,1.7527107543926665,0.9520034719093324,-8.324298962530507,13.771165857275014,-2.8499999999999996
137,4.7794277336096656,3.8185024832006644,-7.920293190758321,11.08576236011334,-2.8500000000000014
138,8.613398901077,4.612395790526667,-10.456878178687528,13.822384486855341,-1.0500000000000012
139,5.320669177437998,3.372023408409,-5.869352558437531,9.89126058935334,-3.750000000000001
140,5.572988771164332,3.5005068432613338,-6.508593817122379,7.4095436972476705,-4.199999999999999
141,1.061513089165667,4.1032636399066655,-3.052590925049225,-0.7443247397203325,1.1999999999999997
142,5.224695351934333,4.764827551271667,-3.3558867694578667,9.596165998883007,-1.9500000000000022
143,5.547098555311001,6.396843223734665,-4.84646849696192,12.370903886588343,-3.3
144,3.9418608647146653,7.300802860538666,-7.426874134390395,8.546206678747335,-0.6000000000000009
145,5.7019966626019984,8.850363345027333,-2.98156059968713,11.338981187581341,-0.6000000000000004
146,2.5541417983529997,7.084152343195996,-2.8489992631519887,8.70254699591234,-1.9500000000000013
147,3.8509019063186676,3.3686434711536655,-5.867444127915024,9.361287002677008,-0.5999999999999998
148,5.4270086839863305,3.3553638546499984,-7.687693318790805,11.271714470719338,-1.9500000000000002
149,3.9965327418266665,4.657850658732998,-0.79741804306599,5.587313864356333,0.75
150,3.0167711841709988,4.755168838655331,-5.500140662766686,7.974331829945002,-1.500000000000002
151,4.595989211366997,2.887904089285999,-7.344940408563869,7.442411294852003,0.75
152,5.471066696314664,1.495552354987,-0.1840157506275853,7.474311137364337,-1.9500000000000006
153,5.222652483272667,3.509535288803667,-5.6697791301806655,9.743093811254004,-1.0500000000000014
154,5.939392773871998,2.1930841365376654,-9.459441041336055,9.718622691567342,0.2999999999999999
155,6.204698380256663,5.523146546519664,-2.083835927589932,9.870592174087003,0.2999999999999982
156,3.3457685351746664,2.440602327072667,-6.345638576407129,9.606027472394002,-2.8499999999999996
157,5.435077450861332,0.8732051497456665,-8.666393951129663,6.082754940706333,-1.9500000000000026
158,5.555615417438665,3.7737750073643315,-11.575403574259804,8.110237313356,-1.050000000000001
159,2.121456469725667,4.161163544489,-9.842376337103639,10.911662768237674,-7.349999999999991
160,3.8355665778693333,4.740195243236335,-6.39732727749925,6.95885858819567,-2.8499999999999996
161,3.5812323414689984,3.5642787298959986,-7.3593806276136435,8.682961874061672,-2.85
162,5.586956415435997,8.025530922808663,-7.181499344460457,11.007958257958009,-1.0500000000000012
163,5.275479263638999,3.2843989723759988,-8.823804083001253,1.7666575754160005,-1.0500000000000005
164,5.3336120731306655,5.035398623397665,-10.180431792436854,8.925711774682334,-4.199999999999998
165,3.8739663633640005,7.561419087693664,-4.839411888474512,8.682525876987336,-0.6000000000000005
166,6.025044303641665,6.177800228904664,-5.29053716133733,8.660061945304344,0.3000000000000005
167,2.389425931079,3.3645888321566666,-2.806934456191265,7.8183539073956725,-3.750000000000001
168,6.945846582332666,4.374457301890998,-9.224479706529854,13.607331369302342,-1.0499999999999998
169,6.166697183346665,4.853420174920334,-7.657160683275199,10.391210088531004,0.749999999999999
170,5.823816044926,4.9888332745940005,-9.783552056710345,4.1744397157536675,-3.7499999999999982
171,6.491684259047331,2.339403966848,-11.077985716349412,6.367210927248335,-3.2999999999999994
172,4.7630623126573335,3.827874043373998,-5.0942985170259805,7.091738389855337,-2.400000000000002
173,1.801847128361334,5.629796564136664,-6.763910996288761,10.750172950141337,-5.1
174,5.714139372794998,4.196403935289332,-5.939533635029758,5.532685759515671,-3.7500000000000004
175,3.3691639482563325,4.934139899685999,-7.522753232147406,8.971438379759668,-2.85
176,5.551344168348999,2.584112150611,-4.175169129411492,5.380088965182334,-1.0500000000000003
177,4.939368267857665,5.345085942354666,-6.668742457480338,12.259585877306007,-1.0500000000000007
178,2.458177839300667,1.6398018626939999,-8.399595539694301,2.9476729162923325,-3.3000000000000003
179,4.59431994806433,4.932820486573332,-4.6959664485022845,9.409771075943675,-1.950000000000001
180,4.218176119389999,6.295264673193666,-5.570416161322868,15.063866602705676,-0.15000000000000027
181,6.453558963830666,5.7616791539683305,-8.76580983427271,6.666232812754999,-1.9500000000000006
182,4.8054740312433335,5.102547472127,-9.8519863989951,6.878493655820337,-0.5999999999999995
183,3.6656891208049998,4.058637534559998,-7.881823838457554,10.688013902656667,-1.0500000000000012
184,0.614742258612999,6.523384666364665,-7.448384794258296,7.3856872342023445,-1.0500000000000012
185,5.501191721490664,6.607302942464331,-6.019029985100094,9.23901360756834,-2.4000000000000026
186,0.06079341597066651,2.3216022537199996,-9.6892450082691,8.710122205145337,-1.9500000000000028
187,3.185435088505999,8.369663870204331,-9.69593585989719,15.239736550432346,-2.850000000000001
188,7.581303315993997,6.136750963328664,-5.095206327431289,11.971232431724008,-1.9500000000000004
189,2.4211408299726664,2.9115816344459993,-6.1974404574386925,10.229458175607004,-1.050000000000002
190,2.4560956884389995,2.2634769174456664,-9.481434866726387,3.1746894770286676,-1.0500000000000016
191,5.679981123400668,5.431136989205,-1.6337679503991238,4.005711555882666,-1.9500000000000004
192,3.9398890222339995,4.585941271138999,-7.498301057505695,9.13456856646534,-1.5000000000000009
193,7.765404959211666,5.098788885847331,-4.7200135028421855,6.792755951819336,0.3000000000000005
194,5.012119529774,3.2444337465639994,-7.939954707590869,9.671016123122005,-5.999999999999994
195,3.5723856388273316,4.580175688549664,-6.605471125771453,2.6815158186353343,-2.850000000000001
196,7.250875945211,4.339344241599333,-9.24455697937479,7.734301083137337,-2.850000000000001
197,6.490730952818335,5.076722375637998,-7.1924379542200345,9.394451630754673,-0.6000000000000001
198,4.707665097542666,7.630846312556331,-7.70318550344218,9.768229005744338,-1.5000000000000004
199,3.6852413049916644,1.647079042586,-8.56064867240246,9.054300592757336,-1.9499999999999997
200,3.2038290455013345,6.0107827640016644,0.30176747021946343,3.9225824110153327,-4.199999999999992
201,3.8607002401736668,5.180462319173998,-1.4515994714611593,9.42324479880167,-1.9500000000000024
202,3.5124505997486666,2.573692550155,-8.381634550765432,8.182618524446669,-1.0499999999999998
203,2.862462067463667,3.547609018440001,-4.256024939516897,10.74195889009234,-1.5
204,6.237627697683997,5.632171190672666,-6.882592557945771,7.532051029404337,-0.5999999999999991
205,6.720295085940331,3.741752894003333,-5.300799148989897,11.887242318302679,-1.5000000000000004
206,7.4863758898563315,6.549233221587664,-12.110850600627373,3.531722060609999,-5.099999999999994
207,4.797330583592667,5.566982710574331,-6.390257867469427,13.369374827606675,-2.849999999999999
208,2.036679585841334,0.844647523389666,-1.7648641896361787,5.836581566019001,-0.6000000000000014
209,5.0773737811436686,7.210136274322668,-10.519079207059457,9.139777121652338,-1.950000000000001
210,5.066121369894667,1.5337645653813334,-7.861515814322481,9.459807464541337,0.7499999999999993
211,8.254049539559999,6.398097050128666,-3.3293153101486777,7.0852551609336745,0.75
212,9.002677367224997,4.413122933181334,-8.796643714189333,9.791282062408673,-0.1499999999999995
213,4.047857812299333,2.0905010207973334,-3.74864706463996,9.747497175685336,-5.9999999999999964
214,8.129854423732999,9.664085563014666,-6.177822923604854,8.142568528238337,1.2000000000000002
215,0.8921388555256659,3.833210276259332,-9.800008249013736,7.985068450303338,-2.400000000000003
216,2.3312230508050003,5.5617546997719955,-7.213328688697633,7.721955507598005,0.29999999999999954
217,5.2252551745423315,3.7889779018266667,-4.482937446628062,8.742324371736004,-1.0500000000000014
218,4.595048736400667,2.182972054087332,-9.09777062352898,4.858166179814668,2.549999999999996
219,5.560046646544666,3.708642804396664,-6.853924295741665,11.162173442149674,-1.500000000000001
220,4.9977066586093315,5.309607459425334,-6.134721127462184,11.270058166612676,-3.7499999999999996
221,3.890737575686667,5.024032192665998,-4.946846746734453,8.612166888859003,-3.300000000000001
222,7.903965388856331,9.02184790556,-6.493716060058589,10.277382754451672,-1.9500000000000006
223,4.677357412369667,4.096213665783666,-6.329516174217111,6.207731971212335,-1.5000000000000024
224,0.4838776581370003,4.597201570918333,-9.631542344137467,7.543495433598668,-0.1499999999999998
225,2.190835946949334,3.013688066890332,-5.737250432084749,6.131241324044,-1.0499999999999998
226,1.5136767390730008,3.358330572310333,-5.26699687471375,9.726796411974005,-1.950000000000001
227,5.384291990394666,4.348880664505999,-3.983371580790771,9.767808674797338,-0.600000000000002
228,7.059597195807666,7.820799328227999,-3.2639179385335795,10.660403973943342,0.3000000000000003
229,3.3810139334406673,0.2726489091969998,-9.377757899527886,5.948991295954667,-1.500000000000002
230,2.6740602580129997,5.45788597284233,-4.023704619721984,7.511297239074338,-1.5
231,7.408409264197332,7.29963197451533,-7.1160181317445055,12.507860130064346,-0.6000000000000009
232,8.818196592639334,3.4502459655753324,-6.294259617866624,10.956106719448671,-5.099999999999992
233,5.806859216478667,3.5022276211389998,-0.6619585132163236,6.697650146306337,-2.4
234,6.828804848999998,3.0962091343919993,-7.20635760650203,8.177835182842333,-0.6000000000000025
235,6.2799517077986655,5.318038981694331,-3.1017656989435234,13.49460212457634,3.449999999999999
236,7.727234380930331,7.727510546862665,-6.8345434872997215,10.228405471575003,0.2999999999999992
237,5.804763799958664,9.032111911430333,-8.172564993001393,11.960796509090347,-0.5999999999999993
238,6.026791182647333,3.6266999226879992,-5.032942797380472,10.949528753447343,-1.5000000000000013
239,2.0761977639276665,5.010705282067667,-0.5657236671055795,9.442141260660001,-1.9500000000000006
240,5.05542106713,4.146849736767666,-10.865960865052847,6.801242234743335,-1.5000000000000018
241,4.255031371786,5.461376022830669,-6.901728969635921,8.878685614925672,-0.5999999999999998
242,3.7112604161973333,5.536295549270666,-3.7322616331898817,8.231873327994334,-4.199999999999997
243,6.171926304592664,5.849540322410998,-7.199758312165538,10.343132237898338,-1.9500000000000004
244,10.066096701871672,4.635084953590333,-7.5945118845582416,8.718828459055674,-1.0499999999999996
245,7.227110357661331,3.434181794369333,-9.091021560987583,8.567520249372336,1.1999999999999993
246,3.8088031247666647,5.077161910798997,-3.6253850957655716,12.491776964365341,-0.6000000000000002
247,6.414567440283332,1.9833334922800012,-10.13800933974233,6.483423218773668,-2.8500000000000014
248,5.185400203519666,6.294558506040333,-5.556236627914577,5.909344792317336,-4.649999999999996
249,5.639328553487665,6.403648469339666,-8.41919803573157,11.777565635548003,-2.8499999999999996
250,6.150864894248001,5.728909151372999,-4.836021011552625,8.456678825109002,1.199999999999997
251,2.9317859971963323,2.5240724611676666,-3.084726470548843,13.12392936029534,0.3000000000000005
252,6.281810406407998,5.8369023150776655,-2.139856103138099,8.034811462302338,0.3000000000000001
253,6.864541292773999,7.7727198965613296,-5.487255034924602,11.442487933164678,0.7499999999999984
254,7.948760373077667,5.334348518348666,-7.005531918591004,11.884066542169677,-2.4000000000000012
255,8.117420779139332,4.327717291238668,-5.5185652701144905,11.013208932280012,2.0999999999999974
256,4.101659466001667,5.321774906050334,-12.218149020736863,3.671188541380332,-0.1499999999999996
257,4.867342105886333,9.18270673831633,-8.163389264764065,13.99865401951901,0.29999999999999916
258,7.925287420644333,6.271058840084997,0.2659241972036091,10.595796442050005,-1.0500000000000023
259,6.512041686597665,6.686288447933001,-8.51849037633912,12.26776376863501,-0.14999999999999994
260,5.1970553127343315,6.830965589765333,-3.0928154328128614,8.938518520427335,-0.14999999999999983
261,5.996436197991334,5.697940940797331,-8.616361161268918,9.214214244480337,-1.9500000000000002
262,6.494391004440664,6.351843344406669,-9.411256621390402,6.746638961901001,-1.9500000000000006
263,5.8242459152763315,7.75241165686233,-4.530823094768014,10.40752861795867,-1.0500000000000034
264,8.349753740471995,4.260575815332331,-7.731527955460702,12.352111305232011,2.549999999999998
265,7.032538615159,2.4776957984116663,-10.516190236647368,9.449391366027001,-1.500000000000001
266,3.4546709481006665,5.717875074098665,-3.981601759959667,6.592658486361335,-0.14999999999999938
267,5.626464071692331,4.522925328130333,-4.841614422199896,13.11819584039334,-1.5000000000000009
268,7.676375546992663,5.6688771754800005,-2.567661176837234,10.867547962076676,-0.5999999999999994
269,4.115624440641333,3.5711959741976633,-4.874034776056124,14.85598358324801,0.2999999999999999
270,5.313501217593331,5.044409513342,-5.2460681841360355,10.923468497919005,-5.099999999999993
271,4.152915283845665,4.9530181705626655,-5.403860177507793,12.792009943544008,-2.8500000000000005
272,6.812924962760332,4.915110549011331,-5.370178487167531,6.885884772325336,-0.6000000000000012
273,5.2570369491873326,1.9551646660883328,-7.381498011273868,5.633705920514002,-3.7499999999999996
274,4.825265820366333,5.235493252504332,-6.659479559947735,9.970929503697004,2.099999999999998
275,5.356911629405667,3.275222857601,-4.182898329151287,13.369559750176345,1.6499999999999966
276,2.442209042440333,3.346593979316,-4.042973720252977,8.382802775514335,1.6499999999999981
277,8.781959429515995,6.3216997776916655,-4.8376248693068264,8.223500843046674,2.0999999999999988
278,3.014208080594665,4.652680741478664,-7.597218486379709,10.225096580876006,-3.7500000000000018
279,4.543932925547667,6.704569928201997,-9.588178906652967,11.447427694632337,-1.950000000000001
280,3.9142910773353323,4.1450222447449985,-3.5222254288127455,8.702070803189338,2.0999999999999983
281,5.264866641212665,8.36115619317033,-4.843650708636092,11.841406182768342,-0.15000000000000027
282,10.003337637396664,4.417601297122332,-8.317874685608967,11.064108842559339,-1.500000000000002
283,7.168288504251999,4.04359864882,-9.60465644323907,7.028287244434004,0.7499999999999986
284,5.76848068562533,6.168584898016002,-6.62871932167569,7.20368038652467,-0.14999999999999972
285,4.258476426041333,3.7394920317736666,-8.791306818978782,5.783370093344672,-1.9500000000000024
286,5.406257232173666,2.9189607068896666,-3.811914831932169,12.161577350716007,-1.0500000000000023
287,5.872733653933665,10.649761270661998,-8.754640042158288,10.686099162665338,-0.6000000000000006
288,5.292683584875,3.8915499594503324,-2.4231169942849915,9.918940028685338,-4.649999999999997
289,6.790755554390332,5.945660838562999,-3.7051699399338136,9.948075382544673,2.0999999999999983
290,4.147919537746666,6.887327521839665,-2.7892430002732347,8.927827665956343,2.099999999999997
291,6.855601355273663,5.866997765107663,-9.247368473481211,10.932477881908673,0.2999999999999985
292,5.093723500666334,-0.07957296310633313,-0.2496958611039157,6.807029910042002,0.7499999999999961
293,5.546677419554665,7.321233831357999,-1.5592726316896177,7.372414487359669,0.7499999999999998
294,5.345317497588666,6.06551724102233,-1.7737190549524955,12.02061513867734,0.29999999999999866
295,5.316224650922333,7.466089006945664,1.407253649089851,8.26624851270134,-2.4
296,8.442962307504667,9.507234505005666,-4.517961002090246,12.355476543350676,-1.5000000000000002
297,5.107536568937332,6.748981573896665,-1.1063853700462043,10.711761615114009,1.1999999999999982
298,4.596859665329998,4.387164986586665,-0.7273168468349415,9.476391481693335,-1.0499999999999998
299,11.186134448923665,6.898136160673331,-2.827564839814691,11.791691875957344,-1.0500000000000012
300,9.343255325735333,9.155249490863666,-4.3993117104477415,8.26216968876634,-2.4000000000000026
301,6.2152267112049975,7.557482524496998,-4.529728676436322,10.441340334897339,1.2
302,7.634132401643332,1.7199376453749995,-8.12129683055793,6.702017985171002,0.749999999999999
303,5.063485358502999,5.449979964509667,-4.033680030528362,13.393072196429008,-0.15000000000000138
304,6.089051681404665,6.8095519365203305,-1.1857136789298093,8.51538275953767,-1.5000000000000029
305,6.736949574296663,5.937577825774666,-6.777022640166904,11.892116038929673,-1.0499999999999998
306,6.191576054742334,4.154767534614,-5.282365295411101,11.981580593941674,1.649999999999999
307,2.705951773329332,3.3143337384129987,-7.7683886414161565,8.191204524118335,-0.6000000000000006
308,4.1385811929619996,2.443507768510667,0.1969919749797731,5.053188333153001,-2.8499999999999996
309,4.515371685538329,5.925307703058332,-7.353280948813223,13.556615846897675,-0.5999999999999995
310,10.143746611039,8.714673373540666,-5.451041987573669,14.978633203162012,-1.5000000000000009
311,3.2656694562446646,6.640398361364332,-6.997122280665887,13.864514502897343,0.29999999999999993
312,7.342252007740331,9.742829256182672,-7.334606810102175,13.149481592366342,-0.1499999999999999
313,7.267822638973331,9.747759953544332,-7.672730355109853,8.425157692216668,3.899999999999998
314,8.550174250941332,9.286910708952668,-3.4697796442570814,9.75907140234267,0.29999999999999805
315,6.579610529238665,5.3616463682369995,-3.206916681447024,11.447977093534677,0.7499999999999983
316,9.549202142877334,8.855295119952,-6.109178056218913,12.589575409174007,2.549999999999997
317,7.291705798021,5.677048071631999,-4.171328261768705,10.293326318411006,3.449999999999999
318,9.430543900983333,6.985729315990997,-4.297025154121552,10.587050275010009,2.099999999999999
319,8.199300941195661,10.114390671271998,-4.166119911224283,11.08238253351601,-1.0500000000000023
320,5.932980159663667,8.821408052335002,-8.896580251630898,12.527148653804678,0.29999999999999943
321,7.889510452886997,6.850210379792998,-3.1369673902202893,13.544158303491342,-0.15000000000000116
322,6.028981143573667,5.656718365213997,-6.246011989884805,11.313243105923007,-0.6000000000000001
323,5.740904076019331,5.329890686128333,-4.137439272593407,13.68611923284401,-2.849999999999999
324,8.368377048658001,11.282378837022334,-3.5639801670254894,10.62635553108301,1.6499999999999975
325,7.633924983127662,8.572765139604668,-3.2075563292269034,9.113967244708673,-1.950000000000002
326,5.675317494879333,5.969626646698997,-5.25439933850924,8.075824360729337,1.1999999999999977
327,4.303688799085999,2.364978488202,-8.401575683477752,11.663769330204671,2.0999999999999988
328,5.103211874519333,8.634174522829664,-2.7882239166580103,14.10520347846301,-0.1499999999999996
329,7.030393831140999,3.9219657600133333,-7.222918269822738,8.299372950169335,2.0999999999999983
330,6.944287119380334,6.638557075635667,-4.188395388731184,10.515069408143004,0.7499999999999973
331,6.663273043070664,3.392769203429334,-2.193893944102788,8.210408534557336,-1.5000000000000009
332,9.924831471837999,0.7782373361096663,-4.655465592660966,13.469020782715011,-1.05
333,5.163413109523,4.210889703423666,-3.19829910220497,12.952388076137343,-0.14999999999999927
334,6.414466582773999,5.487606763184662,-5.51948318941468,11.99920434856834,-1.0500000000000003
335,10.971794199646002,5.345089274866998,-1.5234885490759793,14.641997305504015,0.3000000000000003
336,6.973824982762,11.323350206711673,-7.022746676680686,9.000103451897676,1.1999999999999975
337,7.919658345744663,7.045850530474,-3.6485973248152592,13.697558995347675,1.1999999999999975
338,7.421721937139331,9.159946613319333,-1.6772741329325493,13.814128244981342,-0.15000000000000246
339,6.4869374393223325,6.129890245787666,-7.343614759000758,13.029574293490672,0.3000000000000006
340,8.468825569829,6.209105474417334,-1.352715825711598,13.01045889028301,-1.950000000000002
341,8.355852306039338,16.48433518166601,-8.183445083761368,12.697380090751675,-1.5000000000000033
342,7.546931268309999,5.869574087196998,-2.863327822641717,12.214638669913674,-1.950000000000001
343,10.146009670362332,8.900048910414,-8.441856799933278,11.675195269088343,1.1999999999999993
344,4.152482898253,4.0084886571253335,-4.9718978809366075,11.416383166580674,-0.14999999999999938
345,10.059213991327335,6.155744890157997,-0.5384798966344657,7.705684488204003,-1.9500000000000002
346,6.177898250385999,7.6257775321806625,-4.88699929513418,11.747296950304339,-0.1499999999999995
347,6.6645374676329965,8.809424247877,-1.4050767408400975,16.336831452656675,0.29999999999999927
348,5.637134374412334,5.917626455801,-4.46598317211716,8.155177857300338,1.1999999999999997
349,6.31096721185633,8.580325203688664,-1.9653923224353271,9.099903385276338,1.649999999999999
350,7.6358087276176665,5.913517842726666,-7.312782226881505,8.477507563551338,2.099999999999997
351,6.334235196531665,5.807006433533997,-2.9598510129438527,12.148220260681008,0.3000000000000004
352,6.434613750416665,7.144024988797,-3.5657278039131746,11.27020287340234,1.1999999999999984
353,8.424170848381333,9.507293379668667,-6.090968959428033,12.671525051461344,2.0999999999999988
354,6.252400769624333,5.503948097068666,-1.9105582662641567,13.332003140765005,-2.4
355,5.386197904487999,6.390928875898998,-5.700513264874496,11.349645144392673,-0.600000000000001
356,7.0459498514,5.458603107545667,0.37372037451303836,5.577885755440001,-1.0499999999999996
357,6.806284260991999,5.599945602229331,-3.3592949872605615,11.26359770220967,2.999999999999997
358,8.50403571683367,2.3338611995383336,-3.3312116803592886,8.39487254892167,0.7499999999999996
359,6.336037303559998,4.751433603949332,-2.6378723409391625,14.068597116554004,-2.400000000000002
360,7.354891290191331,5.907325788726997,-1.485912044488209,11.119912348390674,1.1999999999999997
361,4.695560311278333,4.951358207945,-7.249324814924565,7.646335207946669,-2.850000000000001
362,7.283027759717998,3.626401416649332,-2.256208503398296,12.693841021172341,-0.15000000000000038
363,7.910061299796665,8.238983342351332,-3.72940763928031,10.643551340360007,0.7499999999999991
364,9.165625570656005,4.616340940925332,-0.7376221720006257,13.40405874092401,0.749999999999997
365,6.171226213505331,6.142293617880998,-2.1866779621436483,11.487217412759005,0.299999999999999
366,7.037139759992999,5.201739437390332,-1.9496349822692394,12.503924865297675,0.2999999999999999
367,9.549298637660332,13.054004602416999,-6.434428302849757,12.836405401169674,-1.050000000000002
368,7.143848855602996,6.729519536057665,-3.4645631949441658,18.277037505451336,0.7500000000000006
369,7.339973311053999,8.30431429978833,-7.185961660305685,13.097464078070006,1.6499999999999966
370,6.237449971708997,8.400609736496662,-2.55377469983107,13.390089762773677,0.30000000000000027
371,7.24078376075733,7.670203270495665,-5.51692998616415,13.415534886910343,1.6499999999999975
372,4.258102549595666,4.191573931809668,-2.15583887377759,16.52346297093201,-1.9500000000000004
373,3.8573940798136657,6.554508976588664,-0.45812018497709045,9.81174602588167,-1.0500000000000023
374,8.92006315005733,5.938597935526998,-7.439710530647797,12.077467723786002,2.5499999999999976
375,11.882932986039004,7.070529788996333,-2.963347566828043,13.092159818536674,-0.15000000000000008
376,5.200369625134997,7.189433716559997,-6.146086541182688,12.408102010389005,2.0999999999999974
377,6.008755568011333,7.236221512217997,-2.448132521157962,16.64509949233801,-0.5999999999999993
378,5.479824470441997,5.0350540792953336,-5.24585358127864,12.183383622492006,1.2
379,4.6795338902903305,7.339931591189996,-3.704886927897056,14.154149091483674,-0.6000000000000038
380,5.282408498216334,6.187999611486667,-3.751464674380498,6.895905912494001,0.7499999999999991
381,5.279995480479999,3.6297063302583332,-7.6471906365204,11.390869972465007,1.2000000000000002
382,6.945114984823333,6.853890200938333,-4.094729041732067,11.137911826484668,1.2000000000000002
383,7.600050095985,8.279143522190665,-2.7319623754660807,12.051762719673675,0.30000000000000004
384,7.425570192718998,5.197909924694999,-1.6552663221351531,9.964195577124668,0.7499999999999986
385,5.729843090683669,6.288766934758668,-7.273598304451884,11.014493514176337,3.8999999999999977
386,7.679300987248999,6.748111361736998,-3.8097520312225295,14.479893409308673,-1.9500000000000024
387,11.911869328596671,8.564778130996997,0.15358736314550286,14.54135066865201,-1.5000000000000027
388,6.542714108679667,6.523290998033331,-4.5926911482952235,9.531198632621335,1.6499999999999981
389,6.049660530049996,6.613080313187,-1.4346827766122299,10.600648305362007,0.3000000000000004
390,3.4288909712050004,6.408978635873334,-7.2281945128868,9.580372334207004,0.30000000000000004
391,5.190615077669666,7.429206059590664,-3.6057981946162383,12.044665406867002,2.0999999999999983
392,9.302350839440335,6.757639860201664,-6.089249688729321,14.860792079963344,1.1999999999999993
393,7.1137691464013315,4.285838474357665,-5.799685165077915,11.57914537271367,-0.14999999999999972
394,6.256876073127332,4.807870440656332,-6.133014474343094,11.903539833221341,2.0999999999999974
395,11.234461408913337,13.284584959976002,-6.954817582214127,14.013563769370345,0.7499999999999982
396,7.7448898644556685,5.436426869364668,-3.1584834610177417,14.849576494398343,2.9999999999999973
397,4.9224752665309985,5.857333257746999,-8.70037718418618,9.945263981611337,4.35
398,6.691736237204664,7.957821024639329,-1.5874331741354906,15.424432640140012,0.7499999999999994
399,9.601586833840676,6.630710143776664,-9.29427453117217,13.865745905357345,-1.0500000000000012
400,7.365444984892664,10.596681825998996,0.5615069371332633,12.588406258576006,4.349999999999999
401,5.6123589632613315,6.412163248870663,-3.723360543063616,10.374735986468673,1.199999999999998
402,9.078746325403332,8.323649567911662,-1.3149888183060057,10.062935036351005,-2.8500000000000005
403,7.590509038153329,7.272224480674999,-2.0674193758955792,14.093452973945674,-2.8499999999999996
404,5.593689657171665,9.110532447804665,-0.017037838485508328,15.796210438738676,4.3500000000000005
405,7.171634911462997,7.087845335263998,-6.570151761736269,9.869923776234668,0.7499999999999984
406,6.599803997610666,7.1934623388839976,-4.356057829123205,12.46462763643501,-1.4999999999999996
407,6.8740475270933326,5.078964206056667,-7.4262527472855275,9.897348963439002,1.1999999999999977
408,9.32376056043533,9.698021343375,-0.8342709628479078,12.182162841382008,2.5499999999999976
409,6.3632109128373315,4.673585167351664,-3.732318872865312,15.113628236891007,1.6499999999999981
410,7.151566487119,7.849149568472669,-4.418228756893684,8.884117808275336,-0.6
411,5.526114178507998,4.206878991871999,-6.015040339470182,9.818213724901,2.099999999999998
412,4.6316224441206675,6.609505311718664,-1.4350945321463164,12.734114056544676,1.6499999999999972
413,7.824669737267332,9.135964304477666,-6.868157187837586,16.853294367147004,2.0999999999999983
414,4.859537727879664,4.574668021068998,-6.8051118270862485,11.175138296935673,2.9999999999999973
415,10.556343955916676,10.98665283373167,-2.0667555594611047,16.411975520882343,3.8999999999999964
416,5.877987416888665,8.799309002314663,-6.110762436481071,18.21562773962067,3.4499999999999993
417,6.055548816548663,9.316430027413336,-4.598868557075636,12.399869303792675,-1.9500000000000002
418,3.504307713607,7.634449475046999,-5.7558093970441915,12.050640346152008,0.2999999999999994
419,5.697084493051665,7.847436952415997,-5.006912629698735,16.506962134304676,1.2000000000000002
420,11.08304597581667,7.469651822043998,-0.23540920750417357,15.813101532662344,0.7499999999999981
421,6.594739410316332,9.973657003516669,-4.857175168626159,14.260157575757344,2.549999999999997
422,8.461589550054995,9.498734594183997,-2.784511253207896,14.787046691689344,1.1999999999999982
423,5.495213799497999,6.256580718292333,-2.261694396707013,13.900322959204008,1.199999999999997
424,5.974293316332999,6.158963102797664,-6.60308396628803,9.491856715562335,4.349999999999999
425,8.555755737351333,6.3388585490113325,-7.555584037355295,10.349568265872673,3.8999999999999995
426,8.728341372278997,9.471527126808333,-3.738286369074102,13.608356808424679,-0.6000000000000022
427,12.79254793916701,14.394232477179669,-0.4816166111530319,15.073807189574676,1.2000000000000004
428,6.314860912690666,8.765160398692666,-3.550091837059427,8.898071516335339,1.1999999999999966
429,7.769321604486665,4.859237825014332,-1.4655413771600523,11.342353702784669,3.899999999999997
430,6.732961271973332,4.170975978673667,-1.575111049451004,8.60813770806967,0.30000000000000043
431,7.887774838771,5.667950795405664,-5.522063029780191,9.04131826184634,1.6499999999999981
432,5.260024735633667,4.753683969018001,-7.698411626244754,12.128502844611006,4.349999999999999
433,7.666820260120666,8.841620898096663,-4.335697292494513,15.344554266211677,-0.14999999999999958
434,4.296904608557,6.156681587102999,-3.6059173292782085,12.972585928149007,2.5499999999999967
435,10.739417321197335,7.75391414554,-0.7689301243188883,11.82996914853901,1.1999999999999982
436,5.7187447534089975,6.49770723340733,-5.704401809629066,15.043007695607344,1.6499999999999984
437,13.223641186259671,7.475087011977996,-3.8539418583580285,17.556886885463005,-0.6000000000000018
438,7.341817998168998,8.615922296784996,-3.6297488678564522,10.874168216792008,1.6499999999999975
439,8.148574360688661,9.957708002879004,-3.8863781935370927,13.250775550045006,1.6499999999999986
440,3.185810459277999,5.883116472121331,-3.8870576162915174,12.896853973268673,1.649999999999999
441,10.168071574280336,10.854735897722673,-2.233794128823843,15.82283331903968,3.8999999999999972
442,8.744191750246998,8.925255614862333,-3.6714889984559833,16.568128346469006,1.1999999999999988
443,11.599381226824665,9.836570860215332,-2.9280107684095262,17.957402905630673,1.2
444,9.960223253392668,12.585679554231005,-0.9008112459125516,17.204829316058674,5.250000000000004
445,6.2063421111479995,7.769753280625666,-6.153542880990273,10.871727618455338,0.29999999999999877
446,7.489866331626002,6.567307977616665,-6.765646207081265,13.126546861133338,2.549999999999998
447,5.7478270407166665,7.326511797595666,-3.6388914596848063,12.380694796037007,-0.15000000000000072
448,9.692970717656666,6.614617510834002,-1.1815974395644355,13.67089896810468,2.999999999999997
449,10.665435394814995,6.666597301272667,-1.946914016890476,13.725640719959342,-0.15000000000000094
450,6.81188064395933,5.635137490952,-1.3087150716270877,12.50943884694434,0.29999999999999877
451,12.317884786211673,10.59092277944434,-7.745879223786292,18.443750545207664,0.29999999999999905
452,7.536777977558996,7.97521056897533,-5.264946568708796,11.051821370456341,-0.14999999999999938
453,6.650607374743664,6.116176048320663,-2.211356188934447,12.66934451476701,3.899999999999998
454,5.020209290401667,6.256789058009666,-2.481542499832878,4.701766851038334,0.3000000000000004
455,5.630870619425998,7.758064692447999,-3.3666367698190713,10.67348279726367,2.5499999999999976
456,12.496631308283336,16.14922990874167,-7.132825745263057,15.685382385569342,3.4499999999999984
457,11.906506466472,11.860081383403001,-7.039608273557358,19.12301087482233,4.35
458,8.638135396479,7.471170121984332,-6.440728695010497,14.379491319290677,2.5499999999999976
459,11.51615006762001,8.866838767697,-8.203225914401479,13.699098124853009,3.899999999999998
460,6.889054832982666,6.601514194061665,-3.014469678424556,9.595660917093335,1.649999999999999
461,8.333710904882329,8.173888793709995,-3.0160474169361544,7.165396553510003,0.749999999999998
462,8.013359693169333,11.674953863954004,-6.1296710723657455,13.669145716944344,-0.14999999999999966
463,10.467983260100334,11.577210951072335,-7.036423411091108,12.482072226596342,3.899999999999997
464,12.044170328006336,4.582640347163666,-2.8064177782875075,12.03084085001701,0.7499999999999996
465,7.34803934009633,5.341342378081665,-3.3676605602939658,15.176179605500671,1.649999999999998
466,8.471045076634997,6.2401210650799985,-0.12798817785038302,15.728584450589342,2.999999999999999
467,4.963319673716665,7.268008397387999,-3.3055130482704977,16.399195674830345,2.0999999999999988
468,6.5467012342199995,7.450173484877665,0.7852859641839347,14.568445928294011,3.9000000000000017
469,8.150555395342002,12.273517776275673,-6.808219411910049,16.416961538546005,-0.14999999999999972
470,8.474748492989999,10.620820449133667,-5.7105841453828425,8.604488991569339,2.099999999999998
471,14.791758438655668,12.788901056050664,-4.731182627541194,14.565224522702014,2.0999999999999983
472,4.0020150625349995,7.836919454063665,-5.0627135936009084,17.08806203802967,0.7500000000000009
473,10.881378591177667,12.217076674974995,-1.9760360242821144,7.947919902820337,1.6499999999999977
474,9.966184412779004,8.096721143926667,-3.026982093932754,11.098385898981672,2.9999999999999987
475,7.925789470447332,7.752929448578664,-4.010723634471467,11.351362159023344,2.0999999999999988
476,5.325067670697668,7.864747671611334,-1.9823127981479016,12.633015447241673,4.3500000000000005
477,13.498221414525336,14.507200348075333,-3.3735856752731666,11.543478114801676,1.199999999999998
478,6.183452674625664,8.743933693948335,-2.7230832992539225,12.210901169194337,2.5499999999999967
479,13.033329039936,11.903501339732005,-5.65322155116784,15.76132288698168,2.9999999999999987
480,5.729311870410664,7.921737223798662,-2.7637722570911767,16.607939674317343,1.199999999999998
481,7.882011223975664,8.369740292436669,-1.7011649657443977,12.767639193470337,0.7499999999999996
482,6.434172505251997,4.318082334587667,-2.7945160713817487,11.22485791500734,2.999999999999997
483,13.576163573821002,9.399163450906997,0.09664164220976208,16.816393451272344,1.6499999999999975
484,10.101543848466665,12.40876893086567,1.439823871825924,15.956582127161013,1.6499999999999966
485,6.906033714097002,7.230548322197333,-5.213372887906003,8.47495242720667,3.8999999999999986
486,6.186470042252003,7.481186951388334,-0.1140383107313209,11.256635742291337,2.549999999999998
487,9.797497959732,9.829789954896002,-1.2508056393862594,17.671197344101007,1.6499999999999981
488,9.132874923709002,9.729258951076337,-3.326577143101252,17.729005583351004,5.2500000000000036
489,7.679026422500668,5.311392148809666,0.9356559442894272,8.752982157207336,2.9999999999999982
490,8.141739541726002,7.480493800987667,-6.178503276690257,12.804197798191007,-0.5999999999999994
491,10.932668451132997,10.683914511221674,-1.5415199200883043,13.525165402997342,3.8999999999999972
492,10.701803084398009,6.8193995942733325,-2.567494686974954,17.484632062390006,4.35
493,3.435676525086665,8.211149931263998,-2.4997756343755464,14.253262236797674,0.7499999999999991
494,6.4407366903873315,6.972661400380663,-6.804914541741456,14.22800882524467,-0.1500000000000026
495,7.829696094593664,9.543461821536333,-2.560105594248188,15.53742995806401,3.4499999999999984
496,6.877512428067,7.212233657506999,-1.1295545436685528,13.842568477129339,0.7499999999999996
497,9.367262765291004,9.168633649879668,-1.0946590024687133,14.362787875569676,1.6499999999999984
498,7.570974512417664,14.535417847567,1.248068960636282,11.549586430178675,5.700000000000003
499,7.307253801543661,6.880132500609664,-4.92697487682478,12.534287953557337,6.600000000000004
500,9.598757268982002,8.594807855309663,1.2205135680804893,16.424828862392676,-0.15000000000000038
501,6.293346734084666,4.119632314566665,0.8106652611735989,13.988105370091008,6.1500000000000075
502,12.05543019793,13.298048827743337,-0.782272640903515,16.529759356264346,2.099999999999999
503,12.87263824257301,12.175256447580336,-5.967980631988268,17.094132929537675,2.5499999999999985
504,8.021665746107997,9.20299825100933,-0.5614884082048007,15.389149574657008,4.800000000000001
505,6.796446603846332,9.300626044838666,-2.6433241177294486,13.011694410347344,0.7500000000000001
506,7.871445700080995,9.318319618531001,-2.751326302608056,17.20764651352234,4.350000000000007
507,8.388918028946337,7.610767878161665,-5.792511045395021,12.641928681783341,2.099999999999999
508,6.863394897021333,9.179784089541997,-2.5755943910483334,12.036920051803337,-1.05
509,9.632703602664337,5.501495855134334,-8.357349407461562,13.501132463702339,4.350000000000005
510,12.084233351804667,12.245318510602333,-4.803663485572206,19.86314350667366,4.8000000000000025
511,8.091749418573997,5.417543132453001,-5.158887973862355,13.456679922434676,4.349999999999999
512,5.997343365996334,7.1918858177530005,-0.5345115922050825,12.615114924838343,3.899999999999997
513,8.211923878245665,5.884386382701999,-7.6562873299634004,14.738872011860007,3.8999999999999995
514,9.148617213884666,8.682519712664668,-1.7367701745488775,15.695411431491346,1.6499999999999977
515,5.358710547316998,7.138143057390999,-3.8349975960934253,12.094362780320006,4.350000000000008
516,7.35831496585833,6.593333665009331,-1.3519595585309074,12.41152554906034,5.250000000000008
517,6.2838504256766665,6.715791888361998,-3.8672428499927824,16.643384923879008,4.3500000000000005
518,10.248692620197337,7.651734427447666,-1.5747397247278954,14.349614343771343,4.800000000000004
519,12.819703407392003,14.970820005276337,-4.846479930534173,15.83713216787501,5.7000000000000055
520,8.126242805330673,16.01517892561101,-4.543796842020125,16.329468186425345,3.8999999999999972
521,9.932828754795999,5.666557654646997,-3.844577177132703,14.511952846046011,3.4499999999999975
522,7.170974123313333,6.2415944134343295,-3.8516437111588973,9.586355098574003,1.649999999999998
523,8.767648663085998,7.4836063617139965,-3.411466106728953,16.612984637811675,3.8999999999999977
524,7.476745545814334,8.488640070591,-3.6048151659354355,15.668042802248342,4.349999999999998
525,11.199244648337674,15.200067094251342,-1.0318686116143718,16.928245607872668,2.0999999999999983
526,6.365919698459332,8.471320822899001,-5.884083529057603,13.248979779081342,2.099999999999998
527,6.920239147618664,6.300848318586332,-3.5009986482042303,15.428461390573005,3.4499999999999984
528,7.030028846304001,7.356881830571999,-0.41489052849717795,9.771327355482674,3.4499999999999966
529,13.314673887687341,10.157392641608665,-0.3387577019122683,17.321262387647337,1.2000000000000004
530,13.091045470294668,11.745066105938003,-3.1487249078148705,17.705514983726,3.899999999999998
531,9.453827506762996,6.117729402839666,-7.1059480071433,14.876435661260674,3.900000000000002
532,9.436805974497664,8.018730968894666,0.9620473165749424,14.80020749347468,3.4499999999999984
533,8.652517021751335,7.721694924847997,-2.288822489323242,7.0060072185113365,3.899999999999999
534,9.994372099440666,7.841386394724666,-0.4296172205124924,17.36708904503967,4.350000000000003
535,8.787195681863333,8.764442197582666,2.191974232956155,19.805732164823,3.899999999999998
536,9.025851436865999,7.645311424446334,-2.061905441245211,15.158867421717677,2.5499999999999985
537,8.048275650975997,6.853137899299331,-1.5189542209421831,13.088921699868008,5.700000000000006
538,10.847386998985002,8.797792114016334,-1.0753248290725583,20.159951643407993,2.5499999999999985
539,7.786011900892334,8.048637695685997,-3.143226513393986,15.497942103039342,1.1999999999999997
540,8.205295693092664,8.03352419390066,-0.9167320052153995,11.234039722903006,2.999999999999996
541,10.352513764130338,11.356421156776335,-1.7043048212167384,19.76943286179466,4.349999999999999
542,6.968454544787,6.960472062393998,-3.9250450582697596,15.029352318696343,-0.5999999999999998
543,7.516157930425998,6.923070496275663,0.994422839785757,15.943725405000007,3.449999999999998
544,10.275597736639666,10.825345384584667,-2.9562960314750533,14.072868744267678,3.899999999999998
545,8.144599342755997,7.753414108159999,-4.997106082811614,12.837303811836671,-0.6
546,15.033142392742675,14.333199616248674,-5.836808905338657,19.99856664105466,3.8999999999999977
547,9.812620958197328,7.782711894522,-2.6929432721706417,16.67381965894701,2.5499999999999967
548,7.8982127540223335,7.63395061289633,-5.102446371406574,13.48093982588467,3.4499999999999984
549,9.000957448219664,7.805020262132333,-2.5851922432427905,13.169995152181343,3.4499999999999975
550,12.483003967909006,9.702385169031663,-1.0538966784051076,17.247393517162667,1.6499999999999995
551,8.820387475808667,7.921682141929665,-0.7537688689427646,17.24855067196434,3.4499999999999984
552,9.388765524479668,8.874856750935002,-4.636678152892477,10.62586071249567,2.549999999999998
553,13.302152032591673,11.552024060328337,-1.49875992330671,15.349279102202678,4.350000000000003
554,9.866926017356333,9.764889956668998,-2.266726905559087,14.976885574407675,2.9999999999999987
555,11.816056785704001,9.738599166894996,-4.3769440905820325,15.590797074032347,1.6499999999999992
556,6.768510159052333,10.763168080886336,-5.991770923128512,13.66864011691234,4.800000000000004
557,9.536911428257335,8.271882333029332,0.06303056428970355,19.003165860763666,6.1500000000000075
558,12.03229605091034,12.538846887321004,1.9244953658389414,16.537543857917676,4.35
559,9.056621330712998,7.700411140503329,-2.8035103859969843,14.824520051960008,2.5499999999999994
560,6.1144865486673305,6.65367600283333,-3.442532379362549,13.152727468781341,1.649999999999999
561,5.61945924882533,7.224270627611331,-4.964662660115277,12.780986632096008,3.8999999999999977
562,13.85242441504834,12.407151855018334,-1.810774981846561,21.893289384775326,4.350000000000001
563,7.481838952120333,8.749006056224333,-3.3879467153354277,15.937499857128342,4.35
564,6.9279966124493315,6.359983428878331,-6.106444656964931,11.917184969871009,3.4500000000000006
565,10.661637846485668,9.395874380081333,0.14813383525329812,14.61113480250501,0.7499999999999999
566,12.821256722317006,13.26411369302501,-3.4258671875392404,15.16446906985201,4.35
567,8.915774704954668,8.246076598191665,-5.628725552762592,14.809987326957012,3.8999999999999972
568,7.280156867691667,6.93817333152733,-3.8434129467929328,14.324752032858672,4.350000000000001
569,5.115437266174666,8.269127153178331,-3.793054547745117,10.138265666473337,6.150000000000007
570,9.801063197620339,10.288887341549007,-1.3680368507016536,10.531623782703338,4.800000000000004
571,14.388055886042341,11.197645631130673,-5.454362032000549,16.727756222859348,4.3500000000000005
572,13.314560850479001,14.609243756239996,-2.889029343983174,22.016641758141986,6.600000000000006
573,9.614866732454004,13.358707208875684,-5.23456618156311,17.65045071762433,3.449999999999997
574,8.401506321246666,10.229576321352667,-0.20569829917523738,19.546037009806334,4.800000000000002
575,7.7646302024883305,8.971581487679002,0.9804790625074974,14.724515670243674,1.6499999999999972
576,10.43202566023533,10.152727739156,3.8865202646676136,20.63275366640966,2.5499999999999963
577,8.003849778724666,8.618584663483333,-4.223677316854967,15.917893963455676,1.6499999999999975
578,9.209111304593666,13.101164922930673,-0.25746381823866193,21.08186159647499,6.600000000000006
579,8.319909069068666,8.16101061989367,-7.194013675726681,12.555417901792337,3.4499999999999984
580,8.161537689805332,9.79025080839133,0.8953599364788128,15.47484025455368,2.9999999999999987
581,6.150775373395997,5.4268653215286635,-6.036952501304337,15.059660630102009,5.250000000000009
582,6.708773945477332,8.387399426352998,-3.392655985549246,15.370354660774677,4.349999999999999
583,10.800849801717343,11.738679352011669,-0.5351736922106611,14.624728815169675,6.600000000000009
584,8.659273312502664,9.002895449028998,-3.8372012984423174,17.193535931888672,0.7500000000000006
585,11.760247231791338,11.281290608619004,-1.5216973353988135,14.550110472178677,3.9000000000000026
586,6.124044800726999,7.836969748647997,-2.663637319745404,16.478989724014344,3.9000000000000035
587,7.505682490943333,7.869749231345332,-2.8087863949706313,12.625230288386676,1.1999999999999982
588,14.957097762529678,11.238131123795672,-1.674331263177008,14.957192225729008,4.800000000000004
589,15.236505697183006,16.499967288539672,-0.3280931120283657,17.30574696857934,3.8999999999999977
590,9.783210552008669,10.852581762729335,-5.1706537083947754,16.74653917528534,5.2500000000000036
591,9.155592780486002,7.358741169214999,-0.016689705720636903,16.540909818584343,3.899999999999998
592,9.417702111589334,11.342314808750002,2.3532921531175193,19.095775202903663,1.1999999999999988
593,11.560524178121671,7.339707501354,1.8541462818053236,18.200439967552004,4.349999999999999
594,8.679482858964334,4.101684929966667,-2.9232914423609033,13.101857200551674,3.4499999999999984
595,7.977196656285666,9.27370312720067,-0.14097702778381074,16.79310499666434,4.350000000000002
596,8.979855511184335,8.031544936242664,-3.26624255374661,15.885687121475346,6.150000000000005
597,7.7560500630826645,8.135983862636662,-0.9733531951561724,16.10371733830301,4.35
598,11.74129434714667,8.451305183169666,-3.1137998171794794,17.196527008986006,4.800000000000001
599,5.905598447668663,7.284547543570664,1.0138261722500328,14.551803341757674,4.8
600,8.519963268980332,6.594921595201332,1.6576379032824287,17.685719505416003,4.349999999999999
601,8.946272059076,12.625457928315006,0.8592874958208443,17.61085309265834,6.60000000000001
602,8.491763329611668,11.188269271901673,-0.008574558184819276,21.425550418751993,2.099999999999996
603,10.049352200945334,11.456288983194336,1.5504025503951209,18.177370706984,4.349999999999998
604,11.63072913339767,13.348593555810004,1.5023944512380687,18.349165539333338,4.800000000000001
605,8.384477850019667,6.517039796041998,-0.20295321093408905,12.96514366690134,3.449999999999999
606,10.992270913735004,9.440441033036336,-0.3706958276210478,13.423027395967335,5.700000000000005
607,12.481400048950336,12.343150025790344,2.1440921774584982,17.02758248225901,3.449999999999997
608,10.90356296664067,8.883022724119666,-1.9423973763657056,15.959470168114011,7.500000000000009
609,9.090510694822001,12.153462471133338,2.4938293975432066,17.44975167303501,1.6499999999999984
610,7.5110305986863315,8.408611605072666,-3.6448905542553143,14.582666723310004,2.549999999999998
611,9.863456285607336,7.039170103540332,-3.239222829466195,17.41829742426934,2.5499999999999976
612,8.565538061808999,8.418942078481997,-0.60043190654741,16.29824641335534,2.5499999999999976
613,6.851415284023997,8.146472102197997,-1.720865445418857,14.48454995565901,5.250000000000001
614,7.800200946658664,8.429719754620999,-1.4566047677264786,14.188179872888673,3.899999999999998
615,7.841305148428331,8.218807021013998,2.50976499015314,17.15186045666134,4.349999999999999
616,9.848189932269003,7.135479091801001,-1.351477985624688,16.124607609294674,6.600000000000007
617,10.249096650715003,7.969667351329997,0.9646188641512701,16.399051981389675,2.0999999999999996
618,9.73160935172333,8.818479773449662,0.8981888707061036,13.80733301397701,4.800000000000001
619,9.298963325611332,7.840291164936996,0.4571170491396966,16.616009805069677,2.5499999999999994
620,6.950400852618665,8.587204020656001,-4.7470557241441185,17.409793132038672,3.899999999999998
621,12.707896522374002,14.208222128784668,0.49532446267404767,20.521658999039325,4.35
622,8.011225632415336,8.334073383150333,-7.539841100688289,14.116102965141001,6.1500000000000075
623,12.179903161066337,13.722064091826342,0.30636635017816244,20.57229198660766,1.649999999999998
624,14.342874236755,14.584577528304004,-1.2156198781548775,16.201148076389007,2.5499999999999976
625,9.498376528323666,7.047173069574,-6.174451895348036,12.777312951102672,7.050000000000008
626,8.479635094937333,7.1065267801483305,1.029130266839731,14.944108082557678,5.250000000000002
627,7.420822436107668,8.687814621773002,-5.458988323374803,16.542211535386006,3.4499999999999975
628,8.329880448620663,8.750915550210003,-2.4884140792358242,16.161043727531673,5.250000000000002
629,7.957293764550664,8.164766377727998,-1.348298018796057,17.269580079896674,4.8000000000000025
630,10.049562601768,9.384249500949668,-3.356216353405382,18.752882287882667,4.3500000000000005
631,8.902122634824998,8.724913176991333,1.5715070437500904,16.11125958464667,5.700000000000003
632,7.604083946877332,7.395368871056666,-0.481550763938577,11.605613440562333,4.350000000000001
633,8.300795559368662,8.026209322848665,-3.9781001938491065,12.90818102519334,5.250000000000001
634,12.946592531494336,14.445750567428004,-0.841721908405558,18.41253676952167,4.35
635,14.017402346413013,12.906360251747666,-1.467207825353497,21.452236612982993,7.500000000000008
636,6.011131607824334,8.125548229099666,-3.976359894331593,16.241915907980673,6.150000000000008
637,10.469898617936002,9.658847725323666,-2.1733137003786624,13.240493959255005,5.250000000000004
638,11.905123669954005,11.643557967759671,1.9808499000869606,19.140700632376664,1.649999999999996
639,11.304209343086667,9.062387035893332,-6.423242074924445,11.468206328075004,5.7000000000000055
640,8.408886409329332,7.859377353151666,-5.380138213040929,15.460107076930674,5.700000000000003
641,9.530189134888,7.2263281065063305,-0.946487413966164,13.760932373248673,7.500000000000008
642,13.802925378992336,17.349229639753002,0.41556040727060906,16.899673390661672,7.050000000000008
643,9.214053105576001,7.500059582932666,0.009645882906143807,15.754525008372342,4.350000000000005
644,8.999198463053334,7.235914240246996,0.8786171361690142,15.876843707813675,4.349999999999999
645,8.230828441654998,8.412213627376001,-3.555656660583263,16.568278145060006,3.4499999999999975
646,7.584596083569999,7.689906304406332,-3.07502781467371,16.257591833239672,4.3500000000000005
647,11.117762112479332,12.782056099561002,-2.210769574184197,24.765494058536312,3.899999999999997
648,16.550724685250007,15.87404332987067,-3.320137181085615,16.92342294041367,4.349999999999999
649,10.457420792614666,9.529495845547999,-4.462700522597541,16.183256780056343,5.25000000000001
650,11.113095682197669,17.20494406283801,1.0493646205611744,20.573405615642656,6.150000000000008
651,14.571232722677014,14.494607933915676,0.895385274502585,19.526496796070997,2.5499999999999985
652,7.903161412881996,7.47603080069033,-1.272750343491921,17.378053233771674,3.4499999999999984
653,8.395711321050666,8.612371767258335,-1.2696154733105245,11.76302395480734,6.15000000000001
654,8.637870220371667,10.049143163901,-1.0696404438893352,18.374484590268334,5.250000000000002
655,16.158959039336334,12.761861627976328,-3.3557959154355905,18.70840476688767,4.800000000000008
656,7.828172830625999,8.601541640079997,-3.4644283082013003,16.83533933127167,5.2500000000000036
657,9.616750317106334,8.055059348913664,1.5265773705644858,20.80865976715299,5.700000000000008
658,7.962561842350332,8.438890635696996,1.9402567429277562,14.85314669549934,5.700000000000004
659,6.707841363806332,7.95212107788133,1.6989437721369864,13.845624540142675,2.999999999999999
660,9.854216335421338,8.944328022322331,-0.15610709573219764,15.27412901531101,4.800000000000002
661,7.764814125273997,8.574525113285993,0.052207982153669764,18.349777602874337,3.899999999999998
662,17.710092060643344,12.207538743384669,-4.41726812186439,20.148677618688996,6.60000000000001
663,8.837685297774668,7.1180253865330005,0.16190114180695747,16.92433735324401,4.8
664,10.301836421256002,8.375385264802999,-1.4272852178278455,17.147382483197333,6.150000000000006
665,8.792301659121334,8.212574312022332,-6.211125855882974,13.310187972926343,3.8999999999999977
666,11.790893283624335,9.388649515773666,-3.759672291919086,17.97247213918934,7.950000000000011
667,8.63081185983,8.301906493552998,-0.39933229633011214,19.857948131275336,2.5499999999999985
668,10.497631917398008,10.833470359032004,0.506917461707048,14.161408960771674,4.349999999999999
669,12.344215819379674,14.717361587607007,1.2579719265599012,20.999268127032657,6.150000000000009
670,12.146897075814335,13.346319578828002,2.8554958438222044,18.794336991371,3.8999999999999986
671,10.380347412946996,9.98027413036633,-4.059942076474003,12.196964454548672,5.7000000000000055
672,8.539995182064994,9.229530752378334,-4.34600117608129,16.709579828273338,2.9999999999999982
673,8.562067212215998,6.475851172224333,-2.28181029888312,13.109933555123337,5.250000000000006
674,9.862226368939334,8.477451914744334,-2.340304383982002,18.995849114104665,5.250000000000005
675,14.06913888547067,16.299612340538335,-3.202701508383452,20.63090152335432,4.8000000000000025
676,11.953189023929335,10.18081710764367,1.7136567825662512,18.351995626084673,5.2500000000000036
677,9.729926447037665,10.672844855013329,-4.993498161275145,15.298970943230339,5.700000000000007
678,11.613620785369335,11.632574831409674,0.14865245440847652,18.14031468168734,2.0999999999999983
679,6.911721942735666,9.190343777777667,-3.5196504518086686,17.144008796381673,7.050000000000006
680,13.500594948114003,14.022182915889006,-0.2142727386863166,22.268956439255323,7.50000000000001
681,8.604759090918998,8.815349746905333,-5.100429177947576,15.080326661862346,5.25
682,17.62259930466234,10.927850144616006,2.700118177637923,19.60533361600233,7.050000000000008
683,9.153096414163665,9.041127313993336,0.2189279130754166,16.144486142780337,5.7000000000000055
684,10.833814383397332,12.615761488744337,2.492825620678956,20.038245619032995,6.15000000000001
685,7.500806453257665,8.012485047780668,-1.1311331912017886,14.210765865963005,5.700000000000004
686,7.698795309594331,9.070407197233665,-4.390933436851713,15.204418966122677,6.150000000000007
687,12.303507001082338,12.994736863949674,-2.65402696169945,18.67914885002967,7.95000000000001
688,9.530744568566998,9.149476150385333,-6.50475497012331,14.67625670474834,4.800000000000003
689,7.3827173066129985,7.310914391827665,-5.093993481027212,14.429229976897009,7.050000000000011
690,9.095009374322336,8.038767734679002,-0.17509243124784646,11.956758958599005,6.150000000000005
691,9.140569693844332,9.850117736412999,1.4871340172582455,12.947350378525671,6.600000000000008
692,7.614935008828667,8.70822247517033,0.5000968710919189,18.746797584737998,6.600000000000005
693,7.317887269469334,8.862232084925996,-1.0245645803080152,15.073098323949008,5.250000000000002
694,9.82329623233367,9.673063187263667,-2.102571644059836,12.595356682496671,6.600000000000008
695,9.277009587293001,11.616401692029001,-1.4093449244433076,13.69455182317834,5.250000000000005
696,14.493053101237333,13.061689120995332,-0.5261595737977819,21.30439442013099,4.800000000000004
697,8.414307746293,9.306553007142996,-4.292122774761291,13.428256227938006,5.700000000000003
698,15.422890588962005,12.361421423490668,-3.3729955856527036,20.53416508283332,4.800000000000001
699,13.531347444713674,16.41468280919101,-3.668719394214694,18.175840482276005,7.50000000000001
700,11.919712999025,16.809091398256,-0.08311158000472807,18.812902467653664,5.249999999999999
701,11.822261778983668,13.82248854054067,-1.1033232704996558,18.314971024615662,6.600000000000005
702,9.395183477324668,9.517497422255337,-1.7556139688840289,14.741346558020673,5.250000000000002
703,10.28274832356767,10.226224361640334,2.7716871544281383,15.933164614152343,6.600000000000008
704,18.45027404670401,15.925273962396671,-3.5697095676937223,20.41826741386999,7.50000000000001
705,6.950295246591665,8.495385846469999,1.493366853919132,12.145946276495337,5.700000000000007
706,6.529797761822997,10.442002815144,-3.795939914923036,16.373305796825676,4.349999999999998
707,10.940250424053001,13.171886893971006,2.003553354554777,21.270887163973324,4.349999999999999
708,9.720691551425668,7.926786863973,-1.2800841695165104,16.357204536898674,6.6000000000000085
709,10.491380161840002,8.808767485580667,-0.38840677385034317,19.005536595879008,6.150000000000006
710,8.529930383289999,9.271846793913998,1.057798165481198,15.803717522187345,6.150000000000004
711,13.512615450644333,15.005167601622006,-0.6300589196973959,21.20913432965966,7.500000000000011
712,8.387134182911668,8.543712581443668,-1.649884200957658,19.562897813411,7.0500000000000105
713,15.599926023695343,13.096129439146669,-5.322887620003316,17.905183407301,4.800000000000003
714,13.874327123060338,13.412786842794667,2.3162214393041753,22.651109740971986,7.050000000000008
715,8.798879974384333,8.628796510179665,1.4264211490386713,16.539902856009004,7.950000000000013
716,8.366934624171998,7.670404112522001,2.8790695624703693,17.315012045146005,8.40000000000001
717,7.614615122467334,9.712107242974664,-4.5651108062670644,16.485024055094005,5.250000000000001
718,14.531590311851,14.627018288451668,1.1868797012390768,21.287499157118322,5.700000000000006
719,10.56072559798667,9.662998856257337,1.0274596960070552,17.00898670020267,6.600000000000006
720,9.359413561898334,8.760222400801668,-0.3771892301822976,13.734993990199674,5.700000000000005
721,17.213189733296343,18.32525107519534,-2.075068855539587,19.12425130389733,8.400000000000011
722,9.849682837387336,10.598155467339671,0.12640792085131047,18.48229519718667,5.700000000000004
723,14.218077657943011,16.360566527388002,-2.2774809695068643,20.081171338158324,5.700000000000007
724,9.19617013694633,9.69091143142433,2.2172917075665204,15.720108154022675,5.700000000000006
725,14.644413743003009,16.26264723116267,-0.9085654222978565,22.436605513335987,6.1500000000000075
726,9.372748438601336,9.356186183860332,-2.5376574624246664,14.357118628902676,4.800000000000005
727,9.893753551485668,13.926529289602673,-1.897267404509759,17.021745629371342,7.05000000000001
728,16.195188604480673,16.551011084591345,-2.7874325694329496,22.70298284883599,4.8
729,10.758478354681666,10.787177443924666,-1.3137863289847829,20.00875296738366,7.500000000000011
730,10.496359907912668,8.67155390700433,0.5274777571068909,15.059893192131339,7.95000000000001
731,11.632861279936002,15.160079066848006,1.551690444748765,21.95111761476399,4.350000000000003
732,14.546802464949005,11.405249771397665,0.975972595326241,18.957393582224327,4.800000000000002
733,15.072419049575002,14.636028400929002,3.4430118178385065,18.973584838541996,6.600000000000007
734,9.264135961637002,10.168911683971336,-3.3163807597263824,16.730835093676006,7.050000000000009
735,14.237386505514669,15.963402318691001,0.965694561883029,22.342558622347656,5.250000000000001
736,11.047540270434999,10.558019161592004,-3.089094419847922,15.86529609513601,6.150000000000006
737,12.812747968089345,11.603674021616673,2.1149629092052717,20.34719005688233,6.600000000000009
738,10.990254897661329,10.48104654880333,-0.8494438890711813,16.204532981361005,4.3500000000000005
739,17.292753166921006,15.70989025764767,4.380158058029089,23.017232419158653,4.8
740,11.485800250674995,9.592758746534335,-3.3485523921966815,18.275860863952,7.950000000000011
741,9.993700509424666,8.905441054739667,-3.191669237094633,18.130703371181333,7.950000000000011
742,11.688530755173336,12.805009226037336,1.4549746042521337,17.842968455883337,6.150000000000005
743,17.265088013313008,16.06371503134667,0.11305555224058993,20.273673281374325,6.600000000000008
744,11.214302738201335,11.243979975729337,2.7903326705854994,22.575574387108652,6.150000000000007
745,7.894999553460662,7.416787013854998,0.15898088245253,20.447505428770334,7.500000000000008
746,17.419057479903344,14.705251575523336,4.989282245064314,22.99675534029332,6.600000000000005
747,9.988882372206671,10.017733278316333,-2.334846211941881,19.918510214759326,8.850000000000012
748,16.237613446687337,12.682219147896337,-2.2634999743433877,24.268858766059978,6.600000000000006
749,13.19518276359534,14.838639092042673,3.748508568713838,20.355871872681657,9.300000000000013
750,15.017701499283344,13.583472149709339,1.0827549503610796,21.670712038189322,7.950000000000011
751,11.816995628932998,11.111861407058,2.3469623266392214,21.629348748406656,6.150000000000005
752,16.525913835166,15.472088764842338,-2.8061120160690427,21.689377074672652,6.600000000000005
753,8.297134505792998,8.492145681316334,-0.22354917131519658,18.548307190391334,5.700000000000006
754,8.615380912849664,8.97991733047733,-0.565938033424806,15.436616521704007,7.050000000000008
755,15.704423148264672,19.866681119647676,2.845516523975348,22.295083598130987,5.700000000000004
756,16.66194923528101,14.599075572317672,-1.6357893681193811,23.465552399519648,5.250000000000004
757,13.107174054294005,12.036515974660336,1.1995491776605751,20.50429253513966,5.700000000000007
758,13.93479806485434,15.653858663667672,-4.085578834007837,24.001926811268646,5.7000000000000055
759,10.916318366414666,11.803036819654002,1.6397921687818926,21.318867518294326,3.899999999999999
760,10.220981237400006,8.322109889535003,-1.7085590122664016,15.621162744041342,5.700000000000009
761,16.357806665671337,16.265875822135005,0.22013246253651794,19.17499746551399,7.500000000000008
762,12.551494501032998,11.244287601937334,-1.1778921651913148,21.561748272138654,4.350000000000004
763,19.52909876121434,18.93217434609301,4.990884222231412,20.976030163470657,8.40000000000001
764,14.149969108042676,16.95658415867534,-4.328099226153773,21.69671952916332,6.600000000000008
765,10.008310899408002,8.595912197547666,-0.9025928334815817,19.459658308784668,6.600000000000009
766,12.034340773004004,13.929783943500338,-0.8687622492302967,19.694763138673995,8.40000000000001
767,8.596261543533,9.715124898925001,-0.16056071712778858,14.804671176149338,8.85000000000001
768,11.342968848572003,12.752664056273003,6.158560151583152,21.89062200000432,7.50000000000001
769,12.720559198729335,9.246299435733336,1.9335034351517835,21.052885859256328,7.95000000000001
770,12.036560699523333,15.199784202382673,-1.7311314662975652,23.93378782511632,7.95000000000001
771,15.080708952383672,12.478748101911336,3.797140808937022,20.37795639090433,4.35
772,9.159701884047665,9.398047910493998,0.9031431098778813,18.047066197127005,7.050000000000006
773,11.086448823058998,9.201505800543998,-5.971975834806202,15.403565388766673,6.6000000000000085
774,14.748796785422341,16.021326823821003,2.6780519786284303,21.601130976188653,7.050000000000008
775,17.133135523247006,18.888215551409683,-2.2066751858581357,22.575554917856653,7.950000000000013
776,12.38334584252668,12.349086004255678,2.1483207703313623,20.24426886266033,5.250000000000006
777,11.153926067547008,11.224564851221341,-6.4705678720959385,14.823659044150675,6.600000000000007
778,9.078926178776003,11.855219585256338,-0.6216898466073644,19.32850018550766,7.500000000000008
779,18.131524780049343,17.045738756366003,3.8829185926044736,21.913019961679986,8.400000000000013
780,10.057243442375668,10.185142472841001,-4.480342256328997,15.101853804536006,7.950000000000012
781,9.431092252017999,8.724017336745334,-3.09656114029332,15.964860727301009,7.950000000000009
782,8.632333325820664,8.551935275690663,0.03938576882565298,16.099711423518674,5.250000000000003
783,9.939710087020668,11.14463367409567,3.8837944306537224,20.55964365233133,6.150000000000008
784,13.75618891443367,16.399956747839337,0.08208071290317137,22.03673134552566,5.250000000000001
785,9.171944368413333,8.108159074689999,-0.6526706894724305,18.866361000695,7.95000000000001
786,13.996541528770003,14.250782554181669,0.11719947606145914,21.614080535496658,5.250000000000004
787,10.489800129687332,11.108575852011,-0.05960320680219016,14.613552061012676,7.950000000000011
788,8.065357881166664,8.829127727814665,0.03593891408671089,18.22503705133733,6.600000000000005
789,11.447451101029335,11.739639712398667,0.665699998866494,19.845975652095333,8.850000000000009
790,17.057386348181005,15.765824458493004,1.8927410503756004,20.46632036226499,7.050000000000008
791,14.864195733688343,16.037719193382674,-0.39975486224901,20.22395265578066,7.050000000000005
792,10.430350617173328,10.114449215798665,-3.1272054045614026,17.922919672066335,7.950000000000012
793,15.232440926510343,13.13695420728667,0.0727754444784881,23.761700643196317,8.400000000000013
794,11.113530970617006,11.942973457418674,-2.4410990590371444,19.369940055484662,8.400000000000011
795,11.355403524876335,11.121957771011001,-3.0767685720858293,16.530320103127668,7.950000000000009
796,13.617170453140673,12.348976233469674,0.9907022323932594,19.369711191057327,8.85000000000001
797,15.230897350151668,16.81584306940434,1.3128824432444968,21.631073275056988,6.600000000000008
798,9.279640843602996,8.260195831881667,-0.07737971588887164,17.680026792508013,9.300000000000011
799,11.08130609469234,8.458150764322331,0.7012272378587076,21.060506574030327,7.950000000000011
800,10.510125257411,6.888341362410998,1.2669829813451168,16.469362844374672,7.500000000000011
801,7.583694907124667,10.146041549096001,-1.5420723760464417,16.287224184069338,8.400000000000011
802,16.224303841710675,17.218685721820346,-0.6347820717233641,21.144412793877663,7.500000000000009
803,9.049980874401003,10.380676813189003,0.424537192225196,17.555048377747678,7.050000000000009
804,9.956740758066665,10.109296984413332,-1.0852432136113257,16.68503385264634,8.850000000000012
805,18.115497776180675,16.553089640448007,-2.258993156799614,23.98585026876198,6.600000000000007
806,14.360450747240673,15.237672211980675,-1.8426282585001057,21.11335070291199,7.950000000000013
807,9.740285174290664,9.144156646868668,-0.9645806547710836,15.924608309740007,7.050000000000008
808,11.433934687177668,10.106962475062335,-1.9682700925669645,16.761217670137675,7.05000000000001
809,9.448769057397334,10.190181233249335,-0.23198010363522065,20.344913915596663,7.95000000000001
810,15.686648919416339,14.488007974656673,0.3091838365005633,22.19380625882832,6.60000000000001
811,10.484648209499,13.235990459549004,-1.1702416627875827,19.287458676976662,7.95000000000001
812,13.452130818361338,13.716199800771008,0.8681830797666282,22.762428482421658,7.050000000000012
813,8.292720326115667,9.901986403557002,-2.7482144201825727,17.240519599124674,8.400000000000013
814,10.703049535091335,10.02939182401133,-3.19284238182987,16.627223672815678,8.40000000000001
815,8.108727639432333,10.949694874497336,-0.3147038200607166,15.399725400921005,10.200000000000014
816,13.569943354393008,16.366210933053008,-1.3141636872776006,23.22849075158398,8.40000000000001
817,10.23678461711667,9.555538759147668,-0.70136783460565,19.068628071124333,5.700000000000004
818,12.053207235383663,10.315249969382332,-0.4372821456521688,16.04766625634267,5.250000000000002
819,10.707878035420338,10.515711758925667,-0.6685643606043316,13.15756392975567,9.750000000000012
820,14.051335531130665,12.342478351753334,0.9315023112889773,15.218090095346007,5.250000000000006
821,9.676696260637002,9.683717152243332,3.5111135838921252,16.981498264928668,7.50000000000001
822,14.15112107522,15.654495094316006,0.5890971516730271,21.166338032509994,6.600000000000005
823,10.862769195115671,9.994990358235665,4.163575969834268,21.809998815862325,6.600000000000007
824,9.734160769289668,9.827919911680333,2.1690889536538442,18.822565745286667,6.150000000000007
825,13.352625889304337,10.759423441654006,2.6467351157698222,19.865836995770994,7.500000000000009
826,10.580154593156331,12.293098002377668,-4.148758070045073,19.507048369117665,8.85000000000001
827,11.52199805569734,10.186134967439001,-4.352204049695295,17.27462252420034,7.500000000000011
828,8.272292781759331,8.956683097643332,1.8118106179488398,18.068792181056338,9.75000000000001
829,16.672179068291,16.423710511511334,1.001889581294738,22.121205547553988,7.500000000000008
830,10.297240506443666,11.686924606119668,1.2391190958882827,22.25796808347298,8.40000000000001
831,9.357855939164667,9.198845214633664,-0.09527461287979375,19.39431684412633,7.950000000000009
832,10.786394873623,10.673754605691334,-2.223741855863728,17.628004402064334,8.400000000000013
833,11.12678046833067,11.884425524840001,-0.5485881974497692,18.064752767999334,7.950000000000007
834,10.552345186474003,11.79134648355367,2.8814210816214394,21.91717968589132,7.50000000000001
835,8.086306646558333,8.731120405457,2.7598951746136557,14.98539313574434,9.300000000000011
836,9.67677308237,10.544652827609998,-2.7306206557427766,17.008491857549338,8.40000000000001
837,10.683188065424334,9.437248610186332,-3.070802815910433,17.830083156704,6.150000000000008
838,9.976140397236337,10.935244427645003,-3.077648582228954,16.867392162514008,8.850000000000012
839,10.28406892338733,11.465851360872001,-4.364036538098447,17.112062714195677,7.950000000000013
840,8.180404092292664,8.409311703716329,-0.772148372293752,17.143099603745338,7.500000000000007
841,9.35889549937733,10.396473304331662,-0.10463224618932308,20.733092459577993,8.40000000000001
842,15.529913131095672,16.025898515517007,-0.7807524382292517,25.221594824861977,8.40000000000001
843,19.014392876114005,16.281747681633668,-2.7804299101512,26.965927625288305,7.500000000000011
844,17.973895527214005,16.539803057447333,-0.021530255045316582,24.17018320226398,8.400000000000013
845,8.949563351810331,10.57643603173867,-2.3612620699682156,16.513298934185343,8.850000000000012
846,12.286383937661672,13.030118376269007,1.1476986839704204,23.247971745192654,7.050000000000008
847,8.988070104210001,10.210584168300338,2.067572139384996,17.99521263131567,6.150000000000006
848,9.547716931263666,9.505291582797334,-1.677975945337044,19.81263054138666,6.600000000000006
849,11.641251319040668,14.103033875803336,-0.05896427591464194,22.204442196663983,9.750000000000012
850,8.867213610728,10.346766128698667,-1.876223958634405,18.36650372162734,5.250000000000005
851,10.932165366676665,9.053169778348668,-5.698488974778266,18.362609554013666,8.40000000000001
852,9.308076477570332,10.02139697571233,0.427511808032751,15.261377186557668,8.400000000000011
853,12.951223367694666,11.331275061666002,5.096593344967396,21.389190302911988,8.400000000000013
854,10.300742543126338,9.84987141064567,2.047767921187029,16.59455872298634,7.05000000000001
855,16.893597338232336,15.97719248919934,0.23893038994127147,21.59979623151199,7.950000000000011
856,10.08564048141967,10.429303657677,1.8645387364129091,19.536342947343332,8.85000000000001
857,9.663306416211668,9.857981677244004,2.8246485699083506,18.350234085191666,8.400000000000011
858,19.97662888600167,18.689550030062666,-2.997098657980488,26.353794743820973,8.400000000000011
859,18.041459381406,16.692632734364004,1.1542510997512594,24.800071052253646,7.500000000000012
860,20.745265049563343,16.026543366699013,4.547940038402217,24.850765661883976,8.400000000000011
861,10.772426433660334,10.73976841487567,1.6788450739874212,17.394552698524336,8.85000000000001
862,18.09939851244667,17.61682148479434,-0.5485859883436867,21.110095383590657,8.850000000000012
863,10.877529039939335,10.854391046774671,2.8006509490141216,17.708916428951003,8.400000000000011
864,13.533327837906674,12.764973467696672,1.5685279449159912,21.38742523130332,8.400000000000013
865,16.91337593599034,17.20997952315201,4.898595881514541,24.50106744213664,8.85000000000001
866,9.521935826790333,9.681857663573002,0.3999735220286891,18.67377847647767,8.850000000000012
867,14.086367454622009,13.905956166763673,-0.48975840298150713,26.69122082326364,9.300000000000011
868,13.054052103540336,13.317122348318005,1.731123452738763,21.583816631735992,8.400000000000011
869,14.648504008410676,15.032775951686341,-0.08203768386052288,19.592778065550995,7.0500000000000105
870,15.142448029598343,16.34816054646501,2.6494571268813387,24.916643995517646,9.300000000000011
871,12.621009753067003,10.367213972706335,2.557438716808782,20.110151170486994,9.30000000000001
872,9.997564005318667,12.777473581163667,4.200815195557445,21.420646644599994,7.500000000000009
873,14.157401972547001,16.25504842374534,-0.6404876187100728,22.841498415945324,6.600000000000007
874,16.605341124555007,18.19690824403001,0.9680794749733246,21.38455783723365,7.0500000000000105
875,12.174332224157002,11.197060454995336,-1.5636128714942268,17.34799566397134,5.2500000000000115
876,20.383152567535006,18.79590077682167,-0.9491676780334588,23.864717528511648,8.85000000000001
877,18.971186281810017,16.761729779902346,3.442410553061165,25.372572689188317,8.40000000000001
878,10.373183965345664,11.743972951099666,-3.1490409943728626,19.243054626934665,8.400000000000013
879,12.32888179082867,13.29190643200367,1.8593590894885483,20.227642434191992,10.650000000000015
880,11.088996948216671,10.78174111540267,0.0012542785524998767,20.105817568870332,8.40000000000001
881,11.34829496223134,11.190173124848002,1.9571103753335377,18.40864790206634,9.750000000000012
882,19.16361300210668,17.63372073514401,4.5226816332781725,22.919668241250985,9.750000000000012
883,19.908367523662008,20.183408918878012,3.619901775970336,26.446494137155643,10.200000000000014
884,9.693300117999,10.11635823979167,3.086370317318237,15.559454765787343,7.500000000000012
885,9.395120860744333,8.678575349321664,1.580176415011977,18.268489698001336,6.600000000000008
886,9.057433313522997,10.534565786901668,1.968671789952778,16.574136370134667,8.85000000000001
887,10.727962833451338,11.306564850670338,-0.5230682473664502,19.80082830900333,8.400000000000011
888,14.521139243875336,14.118459635952004,4.2377771000845845,22.720185648848314,9.75000000000001
889,13.073444836270339,13.223510079886008,2.026050183379798,22.50538757718365,9.300000000000011
890,18.952093348259677,16.399809449786673,-0.6220504184524455,21.966428108715316,9.300000000000013
891,10.57470683405367,11.866110605350004,4.384194896404123,19.687772450337665,8.40000000000001
892,10.246185450540667,10.914648128559334,-1.4288221648773878,19.665742878885332,7.500000000000012
893,10.076303370181334,10.057356242875667,-0.21235084142478897,20.013736938669997,7.500000000000009
894,13.420648435300004,12.76684186066867,2.5960283832288504,21.952741047606988,8.40000000000001
895,15.359432576516673,15.480210329530012,0.636059801265926,25.240701036449973,6.600000000000008
896,9.879662211304,9.983712106671332,1.3445808930838432,15.834970134034679,8.40000000000001
897,9.454991320922,9.89180008340567,3.467820422726199,17.850446014906673,8.850000000000012
898,11.536976162616003,11.876079459681335,-2.5218113100756168,16.90351754154034,9.750000000000012
899,12.937847429761002,14.597900563768674,2.190594440899165,23.180362787975316,8.85000000000001
900,11.803622364689005,11.845377574397006,-3.188327817786205,19.61196024676067,8.40000000000001
901,9.400422346926002,8.644168845624666,-3.088603998261435,17.521085170218672,10.650000000000015
902,17.481296666405,15.58408587728934,0.4824201480427924,24.148556587253648,8.85000000000001
903,19.691956553569348,19.980870203739013,-2.126848555231936,26.409663756726967,9.750000000000012
904,9.242022571614667,10.507913064646004,0.20788611634540966,20.107454930073335,9.300000000000013
905,15.915592556819664,15.320898240398664,-0.40061319202482515,22.70649752782265,9.750000000000014
906,13.374909853754339,13.09139955722367,5.050046401354747,23.54483583746065,9.300000000000011
907,12.160831209372004,11.220146610289673,4.670442744105682,20.288557411870993,7.950000000000013
908,18.921761110171673,18.878675652007672,6.317911152355531,23.931511041179316,7.050000000000007
909,10.910378573328,11.018214200164334,2.3246113802040447,19.79603432544066,8.850000000000012
910,10.981897094350668,10.902337510765,-1.7980859164696303,16.784024888114,7.950000000000012
911,12.367719107496336,12.248638337789666,0.22431394866926532,16.38117941462734,10.200000000000014
912,9.95904128983567,9.726751179141335,1.0366522674536134,17.67889618253367,7.950000000000008
913,10.530255910423332,10.293171797700664,-3.8055246466154817,18.352875844748333,8.400000000000011
914,10.845815022014337,11.195022240447335,-3.3794680879289616,18.669750585537003,9.300000000000011
915,16.177416091416667,16.250109470616337,4.797627497450273,23.202043894027984,8.85000000000001
916,13.922727877599673,13.587583990745674,1.1553832152618442,20.95514450995866,10.200000000000012
917,14.20147531572134,14.53431214956701,1.7486761575379428,22.739980443872984,9.300000000000011
918,17.616142274547343,18.166653289808345,-0.42396928797324684,26.270905625308306,8.850000000000012
919,19.169106039931343,17.19864846685001,-0.8187402161418758,25.89681159345864,9.300000000000011
920,16.88475479842434,18.805465315535006,1.7621315647030082,24.546777743107306,7.95000000000001
921,9.548647088732332,10.512113100218002,2.971549979605606,17.668335655912337,8.400000000000011
922,11.07162653946867,11.253165458647668,4.088009857573171,18.92832086941333,8.850000000000012
923,12.777712138711335,12.089513470288004,0.1333858878339983,18.097379064016334,6.600000000000011
924,17.69035483252701,17.03688653427601,-0.9744183497023042,26.23112488727464,10.200000000000014
925,12.142324336997003,11.316731646452666,2.6992702336804433,16.23248571555834,9.300000000000011
926,12.17918042705267,12.184933852251001,0.47361840959282353,20.69736425905199,8.85000000000001
927,13.494358874753678,14.635872199344348,6.180434300995842,21.797586820131986,8.400000000000007
928,11.582198379636669,10.641955383136,-1.6135694277837698,20.313775151258664,9.75000000000001
929,19.134654945789347,19.618346634242013,1.4445015597764546,23.85852891880998,9.300000000000013
930,11.508165244475332,13.617990073819666,3.979495762263811,22.69285711030399,9.300000000000011
931,16.65275978588034,18.236738622987005,6.553289831841716,25.251549212335977,8.85000000000001
932,17.612100634323006,18.647406406510676,0.4155391375012895,26.561008383370975,9.750000000000012
933,10.25057339549933,10.395395912292663,2.7627136826868526,18.065379257276337,9.300000000000011
934,11.74762173021901,9.820260431490338,-3.235300388330197,18.59522188103233,8.850000000000012
935,15.441223884775342,14.453574925627004,2.6054387522199254,24.625649844201984,10.200000000000014
936,11.98377404805767,11.411815223394003,3.7205058701512637,19.207885232792336,9.750000000000012
937,21.210552188359344,19.14671945084834,1.1769558125116328,27.065786286016966,9.750000000000012
938,9.799152205493334,10.198683798235335,-2.791200094063923,18.616078851857004,10.650000000000015
939,12.624948201414663,12.843648213731331,3.967751468624907,21.203029877880663,8.40000000000001
940,14.705027587931003,16.828297837199006,-0.01568568980346058,23.791583756239984,8.85000000000001
941,10.632476936034664,10.951454704733997,2.644014153123456,17.02673078733601,10.200000000000014
942,11.932814658361666,11.221941239549663,-1.6269885028011881,16.62826992568801,9.300000000000011
943,19.45234546236334,19.832650695128674,5.466197088420535,26.8207455833513,10.650000000000015
944,12.121476393075335,11.790312711750001,0.11972255299742812,20.385152818102657,9.75000000000001
945,19.00870083964234,18.31946886654834,0.4289205925807433,26.61786528444097,9.750000000000012
946,13.969859071764335,13.540469168334335,3.246793639295494,22.560751368623322,8.85000000000001
947,18.85387828849201,16.974966734127335,1.0965316420069964,25.735351554040975,10.200000000000014
948,17.884874859586674,19.678083389451345,2.9830105831614215,24.934281753165642,10.200000000000014
949,12.499082172766002,11.979759204111335,-2.46380800097307,18.97527076207833,8.850000000000012
950,15.072999411652669,17.826266994221335,4.450276403366877,25.636462285259643,9.300000000000011
951,12.029034093324332,12.711816264639667,1.5066041455688821,16.46268771188834,10.200000000000014
952,10.541740478706334,10.106816110135004,2.627152908871961,21.412664507456658,9.300000000000011
953,14.930421725559345,14.120263110909342,2.4250869953321086,22.29926572874199,10.650000000000015
954,12.322537910154328,11.96607527844633,-2.9473586750019987,19.451156440981997,9.30000000000001
955,10.91238804691667,10.97133038724267,2.252609558995455,20.485305278962663,10.650000000000015
956,20.915415898844344,21.690403466933343,0.6890155181864998,25.33297519310698,9.750000000000012
957,10.263010427801333,10.350794399546002,2.7190465321923902,14.63739299675101,9.300000000000013
958,16.98869900069868,16.98869900069868,3.555028773526856,25.17528070784364,9.750000000000012
959,18.604629486790007,18.604629486790007,0.6827102239315368,24.677175375675315,10.200000000000014
960,9.319810724916334,9.716035618979666,2.063589221679818,22.66978510153465,7.950000000000011
961,11.073338654977329,10.668721473837996,1.40061262403962,17.096551986841334,10.200000000000014
962,12.936608751488002,13.446254916913336,4.838661663699931,23.82753169031732,10.650000000000015
963,11.496100962133339,11.172873055774339,-0.7067607314711711,18.007728642115335,10.650000000000015
964,14.23358426507067,13.802985343238335,1.716767628754964,21.35241169002999,10.200000000000014
965,11.558533642019338,12.250524517329339,-0.42144595316957073,17.930865999460337,9.750000000000012
966,15.009249492233343,15.85269769784068,2.686496176058056,23.021150655918657,10.200000000000014
967,19.90996465614668,19.76536039220934,3.166771036723022,25.98644368125564,7.950000000000013
968,11.61454531683834,11.17399880055434,1.939419134881815,20.27201572594966,10.200000000000014
969,11.727597850547333,11.748329108077998,3.797074967486728,19.48341417009866,10.650000000000015
970,10.725893973360671,10.622987620974003,1.3801458040235328,20.78090118946966,10.200000000000014
971,12.915895416897003,12.377889657145337,3.6786206236432153,19.98949703606366,10.650000000000015
972,11.932775122917004,11.861448022712334,-1.026235676873236,18.66879127513167,9.750000000000012
973,10.500780629505332,11.021314530809004,3.123034770053724,21.299844474836657,8.85000000000001
974,10.333611902679671,9.943292484979672,2.04512658937717,22.438440962152658,9.750000000000012
975,10.906887329518668,10.760531227882998,3.201250674444182,19.570932427285992,9.75000000000001
976,10.332233964613001,9.495108425295,0.30517525852116295,19.336585333522,9.300000000000013
977,10.331579944018005,10.528365580129673,-0.10176415047400074,18.24146255799367,10.650000000000015
978,12.803899572262665,12.24031007229,-4.214870473902811,20.324847824185998,10.200000000000014
979,18.973247596089006,18.67662815156634,7.597616465146519,22.612419467586992,10.650000000000015
980,13.687650143164005,13.875335857713337,5.372981974377401,22.894643538685987,10.650000000000015
981,16.997335667451008,17.469179491276677,2.3461131784426565,26.797096151063304,10.200000000000014
982,18.53279193769401,17.951753248230677,1.2109000560097598,26.879976493849306,10.200000000000014
983,11.889290306289668,11.850401542761,2.157247079790814,17.109751717421336,10.650000000000015
984,11.291356766761343,11.11880344297401,2.4513975074453165,21.88733091537032,9.750000000000012
985,19.79920593534334,20.03336530734001,5.735205056198117,24.870551108720647,10.200000000000014
986,14.194359610611004,14.064705101328004,5.103726124474164,24.51011336341298,10.200000000000014
987,11.09113760479467,11.09113760479467,2.921974082723716,20.545113736322328,10.200000000000014
988,16.51675267028334,16.15006034321034,0.6977786153708206,23.886514673272316,10.200000000000012
989,18.21900701398167,19.691207581196334,6.522483347194487,27.49109333690397,10.200000000000014
990,12.267100225438007,12.65875281120234,3.7733579222121794,18.328124995864666,10.650000000000015
991,17.68027616096634,17.68027616096634,2.378200651019096,26.12750416041664,10.200000000000014
992,11.662037598435669,11.726593914988337,3.533206480778324,20.76147421933166,10.650000000000015
993,12.610900837166001,12.741547422039337,-1.616149714164679,19.893093669995,10.200000000000012
994,12.120982718991666,12.341032897117,-2.18028964682225,19.876191304126326,10.200000000000012
995,10.025354703088674,10.025354703088674,1.054479206000698,19.809361109353326,10.650000000000015
996,11.321079827053998,11.321079827053998,1.5175641354124016,21.568820855886994,10.200000000000014
997,20.78324210320768,20.958008912423015,6.560226602149383,27.3739715499063,10.650000000000015
998,13.556969502627338,13.550888297487337,5.376487594920884,24.412661221618983,10.650000000000015
999,12.236716839393338,12.236716839393338,-2.300578961791152,19.83110909204966,10.650000000000015
