episode,delta_v
0,1.50649288218349
1,0.5083557845929445
2,1.3102195386798334
3,0.9617444987240458
4,1.1618891003504062
5,1.0767779103440276
6,0.793527194476587
7,0.8008676485668367
8,0.9342461252964005
9,0.9560493986605778
10,0.9685800290975501
11,0.6718676025291441
12,0.851139562885664
13,0.8757859127356614
14,0.8199858132230706
15,0.8953586194811551
16,1.0843464459145737
17,1.4723772178784036
18,1.0434959891344235
19,0.921223458388889
20,0.8653456906033159
21,0.8239698878977255
22,0.69528943997767
23,0.70872326428986
24,0.9562511829494598
25,0.9488439770859471
26,0.6557495070457127
27,0.6445986132602279
28,0.7278299890185502
29,0.796001449799821
30,0.6784708014892771
31,0.969662883324613
32,0.9117188923044854
33,0.735280243638001
34,0.7027762449669638
35,0.9075691600974882
36,0.8298735023677095
37,0.6968245946784659
38,1.7047304010480375
39,0.7481367072584897
40,0.440588726581586
41,0.8401803057624475
42,0.4647888956636317
43,1.05369424023754
44,0.8121589691569869
45,0.5406981857405824
46,0.77186280488128
47,1.1320750104281703
48,1.047654968625173
49,0.9198463131438827
50,0.8795865956115554
51,0.8756723608303396
52,0.5274326285401614
53,0.5629686844501843
54,0.6513805168954692
55,0.965754740278788
56,0.8916794681403477
57,0.8677510119061913
58,0.5580157701078705
59,0.511223821945314
60,1.1175134697910347
61,0.4779453351244769
62,0.7410454888213847
63,0.6230500095198739
64,0.7041269881048802
65,1.3792781994446162
66,0.49751559209587426
67,0.9865901172170726
68,0.8189701599496466
69,0.7504380736823419
70,1.2114112141437712
71,0.5098974492352006
72,1.0795205385188011
73,0.45636552730737545
74,0.9565637342038334
75,1.3283967979987703
76,0.4749001166497677
77,0.9140632974178815
78,0.6765135886311415
79,0.8968458508505044
80,1.0432885958234532
81,0.7389268556937842
82,0.7819315920591081
83,0.7767086144653635
84,0.6823142652339489
85,0.547347941694245
86,1.168338928552644
87,1.0359979109387312
88,0.5871870650831412
89,1.1350577215552997
90,0.9679092056389145
91,0.6873997522709805
92,0.662469307731816
93,1.0141272642500738
94,0.692005962493021
95,0.3821773966710693
96,0.653293128014824
97,0.6629192701450111
98,0.35279082976672793
99,0.6662924258814549
100,0.6121985595981414
101,1.0817916744632212
102,0.552877344013808
103,1.4004288569295533
104,0.45022941520369386
105,1.0618553260098271
106,0.5437168538131127
107,0.8500828936458757
108,0.6391605682716222
109,0.9568802603539757
110,0.6208625507959677
111,0.958698086896221
112,0.7565706636434949
113,0.771057654147913
114,0.7157032162221304
115,0.9614606716933367
116,0.6752246079623485
117,0.9516277597850271
118,0.8309901462491514
119,1.1319366735107748
120,0.5144519543737704
121,0.9106698410755125
122,0.7085083426512355
123,0.7918079916017359
124,0.6338942620733211
125,0.8622625837162587
126,0.5574430560754691
127,0.926330722443383
128,0.6351462661892366
129,0.7467993487618849
130,0.8109648450928542
131,0.6835907500256084
132,0.48770345049279684
133,0.954555335528878
134,1.0648427956562942
135,0.7523216521881299
136,0.47107551516679413
137,0.9302581551270759
138,0.9881669234834982
139,1.182787648260552
140,1.1020364446581854
141,1.0896696820989369
142,0.8628586586855527
143,0.7576800898587508
144,1.3717814937528054
145,1.1495594242428293
146,0.5225314522105156
147,1.2841437633012802
148,0.6414795464168206
149,0.8251137257438432
150,0.764865284994916
151,0.8417920510249641
152,0.9137021122302622
153,0.8611700728961433
154,1.331530380179516
155,0.7515235988469109
156,0.5067932152808807
157,1.431349915149321
158,0.6446431679148494
159,0.9256300286011621
160,0.6675055579518505
161,0.9544071332140344
162,1.185140608927152
163,0.8033974095457532
164,0.8828760940380509
165,1.010186162534053
166,0.8224602981775598
167,0.5670270567407922
168,0.8611355301556247
169,0.988569134029103
170,1.1192759533488679
171,0.8863766561552207
172,1.1050023392763162
173,0.6447681087346939
174,0.6890900261278312
175,0.47777006647437625
176,1.095835097796971
177,1.2764914270274197
178,0.8570379537735842
179,1.059315008521321
180,0.5233754058445959
181,0.8749766918395339
182,1.0771986125294346
183,0.9731916838893797
184,0.5687942365354619
185,1.575357245284315
186,0.860948391320447
187,0.812811065558654
188,0.8445848125141724
189,0.6751682619936912
190,0.9716539661318733
191,0.8341194107216467
192,0.7694199670853208
193,0.5375481042725628
194,0.7389079086304582
195,1.0049920720454915
196,1.058660832264071
197,0.9856682138548485
198,0.7075659741930374
199,1.2118947291899667
200,0.5370452705957063
201,0.6114441378005906
202,0.8561909530122516
203,0.6783395209349696
204,0.8404826054910184
205,0.8102196354390774
206,1.131954279529537
207,0.4990599272960783
208,0.7394156094418767
209,1.0758467386732162
210,0.8646998281235021
211,0.41109256685178874
212,0.7895169204620549
213,0.8804369519155928
214,0.7255024250319555
215,0.9126633940784363
216,0.6469305731253872
217,0.9395139882165182
218,0.7230127006258318
219,0.5255681229412006
220,0.8173350096238612
221,0.7033741624013254
222,0.5189666491716372
223,0.9190487481949328
224,1.0698852005600685
225,0.6092099924540073
226,0.8845264065118179
227,1.279727940245445
228,1.1519731661259762
229,0.7368709970320613
230,0.8722169985142871
231,0.621375884909285
232,0.6327865944192541
233,1.0542607150777268
234,0.9553220625370873
235,0.8834359783397105
236,0.7809095589118944
237,0.7733254675845953
238,0.5655007781511232
239,0.6273051855861131
240,0.6997842188985717
241,0.9502489069402098
242,0.5101371363091143
243,0.9556641100274819
244,0.9030279721251899
245,0.5635337679994668
246,0.7726757637263586
247,0.6829814943673616
248,1.003107044267797
249,0.8703804464107838
250,1.2907967292913785
251,0.988364368373184
252,0.603078746689546
253,0.596036926626722
254,0.6566105752921749
255,1.0696057337382965
256,1.063926692242633
257,0.7743602331336485
258,1.024042084098462
259,0.9480545810904577
260,1.0803944492829511
261,0.8554648489751893
262,0.47330900932643916
263,1.2741537791407622
264,0.6836703430234513
265,1.0968163893062333
266,0.8697622643742173
267,0.6722642485070045
268,1.4605770557172115
269,0.987414654845793
270,1.1640398516444732
271,0.954879657329208
272,0.5622659029225145
273,0.6632664025975883
274,1.155549510908487
275,0.7765614677029422
276,0.795443963660154
277,0.5564749406395575
278,0.5461460281859667
279,0.5493959794778331
280,0.6451360025495586
281,0.532331295964208
282,0.4995678482134742
283,0.555157136936584
284,0.6956813076834245
285,1.1294116365470415
286,0.6205075843711683
287,1.19332585510058
288,0.9731119472419181
289,0.7465683523487927
290,1.308085324002351
291,0.536549886326199
292,0.5056059898746739
293,1.0667696408424394
294,0.878523992249221
295,1.0017821799893243
296,0.6263886613223415
297,0.743802862329787
298,0.8899050297431987
299,0.4298311311718651
300,0.7674136924249447
301,0.6453109553444636
302,0.8058675829452557
303,1.3336362699330786
304,1.028273057076548
305,0.7867979997960161
306,0.6895198795195219
307,0.9668819767893275
308,0.5449802277228891
309,0.7798548641443919
310,0.7823624925703672
311,1.5052006429686942
312,0.9555294961580589
313,0.9818860891167365
314,0.7083261990653791
315,0.9995741605472621
316,0.9498914902685149
317,1.0761535825743291
318,1.1736571633408415
319,1.0655271606154728
320,0.5505263764919435
321,0.580104633363236
322,0.7937551567943955
323,0.7211671758857864
324,0.5648180117715045
325,0.5736173343698696
326,0.9570752331425801
327,0.7599969522222275
328,0.5618265800268638
329,1.3389965611746235
330,0.6572039645779117
331,1.047329370029602
332,1.0239108586455459
333,0.5948446087167936
334,0.7572354865768127
335,0.7238674756601222
336,0.7098958332550271
337,0.4825858546160584
338,0.494046476258025
339,1.287186106948207
340,1.0505885465150047
341,1.122407655846973
342,0.8678095400600476
343,0.9827531505546641
344,0.8765867111231316
345,0.3315392575810201
346,0.9861517169550971
347,0.9563246369791968
348,0.7366389462799849
349,0.8507219185116233
350,1.3000480361555833
351,0.47368208850162596
352,1.137580947163376
353,0.641726447779444
354,0.988248588695886
355,1.1928847469431965
356,1.2811513587738852
357,0.6248883301901698
358,0.8292024336184145
359,0.5456503151270765
360,0.5455659789891609
361,1.4285424437971106
362,0.6364931614268481
363,0.833437147928219
364,0.7788628675143416
365,1.011978413851848
366,0.7036838142027859
367,0.8716096046550916
368,1.0110022950340287
369,0.6963202949591825
370,1.7160783675472415
371,1.0853139649572734
372,1.1398378978792056
373,1.4593413392869454
374,0.8263163156617512
375,0.7969831184704927
376,1.0926832673945273
377,0.947319544164797
378,0.8528451142895688
379,0.5963393287790619
380,1.0185046779336928
381,0.31649529563880335
382,0.8533435606006383
383,0.7981036319024362
384,0.5463742891914487
385,0.5691628504513179
386,1.111354774299502
387,0.42588249786321475
388,0.7515147203959243
389,0.6060471626932964
390,0.9662627626587947
391,1.15204557865997
392,0.9469154670136364
393,0.5118418677507965
394,0.9830712859666839
395,0.3313856612405601
396,0.9033733156547932
397,0.39965353805559634
398,0.7585085435869909
399,0.4807295925493005
400,0.5488969264070382
401,0.9739631194749103
402,0.5999017823209427
403,0.532486319109791
404,0.44935461473576765
405,0.30744679872717384
406,0.5273195124751768
407,0.48889810088737384
408,0.9172423313235276
409,1.0725343948622617
410,0.7656751008058766
411,0.8639115581504605
412,0.6197966025700832
413,0.5985336851778449
414,0.9396548444605894
415,0.7263180659353041
416,0.9562191045511953
417,0.6937762458405237
418,1.1652590759798913
419,0.6747634852088042
420,0.6713690579149798
421,1.1681951580974146
422,0.6032538405878931
423,1.1054124788480628
424,0.8673473880935771
425,0.714335598801314
426,0.6752504779119528
427,0.6084424313836765
428,0.6041504758370593
429,0.7283172737491732
430,0.7381948235955527
431,0.5130709621305104
432,0.7171601183659178
433,0.8380749757141883
434,0.7418241222268636
435,0.5343757127582247
436,0.8895674845805228
437,2.0948663875123077
438,0.6168550815587253
439,1.6364646084530488
440,0.5515557009216405
441,0.7009858793565575
442,1.304614370059796
443,0.9939684435434621
444,0.9337246829072203
445,0.7862829397107203
446,0.63755715717779
447,0.8846823129989851
448,0.9270064020303646
449,0.9952852027264721
450,0.7542705026667598
451,0.9525937752885897
452,1.0676640305942606
453,1.034664708127103
454,0.9600916059471283
455,0.9958720866198707
456,1.190786430105974
457,0.6210856075584443
458,0.7706015795700232
459,0.7946106511885294
460,0.5262106224838885
461,0.9024192380581464
462,0.3131458673054066
463,0.5902545676012982
464,0.9369586139291537
465,0.5192819098327535
466,0.853990914779797
467,1.1824622650303915
468,0.9081443581305839
469,0.6114424455957743
470,0.724098234691253
471,0.4465413774835816
472,0.6774882023032207
473,0.6933154229720326
474,0.8274748635765637
475,0.540108697019007
476,0.7903303103680526
477,0.6149044323371775
478,0.9638571409017624
479,0.8487415251914712
480,1.4486115317787904
481,0.8788539879614007
482,1.0999812754392142
483,0.6048955943132466
484,1.197692772903732
485,0.8964770937433859
486,0.946563743806851
487,0.8674260075936195
488,0.6386083628396046
489,0.6606439427163968
490,0.9300058105529194
491,0.7483831174096431
492,0.8747311467743819
493,0.7824882605522765
494,0.9814808095776701
495,0.7023520889692842
496,0.6534370056499323
497,0.8473298328726004
498,0.836439571205188
499,0.6667419352526069
500,1.2889048699172907
501,0.4115497339071006
502,0.9662566741125522
503,1.242167061803936
504,1.0235730239490755
505,0.7662452844650438
506,0.8612044625381895
507,1.2032085459506836
508,0.7686443659811029
509,0.794698797320096
510,0.9541505341036465
511,1.1502177657007204
512,1.3510632280717467
513,0.8113421884670002
514,0.48355413640678946
515,1.2960925823522556
516,1.0969896452232444
517,0.789159071418553
518,0.4933847850377484
519,0.6780750605593291
520,0.8551451277291324
521,0.7645619039191653
522,1.0379984284721104
523,1.1189389301408066
524,1.760403228942165
525,1.059762450514698
526,0.9565097451176661
527,1.0558670943781685
528,0.4925255916705482
529,0.8644830224593818
530,0.5869929287225637
531,0.7275162842311556
532,0.8072049075582681
533,0.9064241782941056
534,0.5394264362982963
535,0.8640467757527974
536,1.0180665031971374
537,0.9958775653360321
538,0.8108775622002818
539,0.6612264776890243
540,0.6297016289074269
541,0.913014571465405
542,0.8668229675676451
543,0.46591322328387674
544,1.5993124894242166
545,0.8364432609298742
546,0.6891277479331559
547,0.4768526513502478
548,0.8396708506293344
549,0.5660151499162909
550,0.7771902241773923
551,1.5779480235835406
552,0.5287489061368964
553,0.8121573538484528
554,1.0688216099976593
555,1.1936762032646762
556,0.5759478778032632
557,0.7570750070156834
558,0.9918320602585626
559,0.9785576551756292
560,0.6481908042804863
561,0.8161570557044688
562,0.5999676462063386
563,1.1525475105856213
564,0.7530009280360845
565,1.098783804295298
566,0.8993210416484216
567,1.5112419878637597
568,0.743861668422598
569,0.9057877540011433
570,1.0948314922670892
571,1.036602641811046
572,0.5438473976532667
573,0.8565333403666138
574,0.8633022643530741
575,1.1357899226184163
576,1.1637564526183075
577,0.6052198315212163
578,1.5242025959646255
579,0.9331429350818562
580,0.3464415157582099
581,1.0299422973477808
582,1.0550199902616089
583,1.3229719072280943
584,0.8127855682879068
585,0.8254077674253257
586,1.0563057059633136
587,0.6056891501539794
588,0.6541203267554163
589,0.5947767634020714
590,0.6965249242562918
591,1.1837065684468628
592,0.5988293697283966
593,1.4275611035307918
594,0.9085166374032417
595,1.0672828797886549
596,0.7071152270548025
597,1.0192026769397071
598,0.9568622311762178
599,0.6777069400815925
600,1.092298317035815
601,0.5531406521418685
602,0.7893753759518005
603,1.4947322052843042
604,0.992728063133979
605,0.8701724258553497
606,0.8116822090011235
607,0.8171969164462549
608,0.5294663167190863
609,0.7402066052428284
610,0.5011855268038774
611,0.7904804144751676
612,1.2505702988037524
613,1.059013962328804
614,0.7521241280160269
615,0.8806383043275119
616,0.8504780918528128
617,0.7426183791979679
618,0.8851610756067441
619,1.2053400053010677
620,0.9241224203426186
621,0.8631432133487162
622,0.477967199233039
623,0.9643133771521462
624,1.008909549131877
625,1.1000354850281122
626,1.0039675361010507
627,1.1500145527580117
628,1.0213727622408664
629,1.1327915747532527
630,0.4273664617734685
631,0.5783540035441854
632,0.7679837287657838
633,0.8624663688184007
634,1.2153384480053127
635,0.9123876293329898
636,0.6976425357647607
637,0.6406660581232977
638,1.1270249908060035
639,0.724021201345209
640,1.5731066539988614
641,0.6885663400470072
642,1.1163041548039225
643,0.9983463294514909
644,0.605644982760149
645,0.8384692487323386
646,1.8377631124890699
647,1.0449279746027593
648,0.6612620393926569
649,0.9247977014399553
650,0.666062499784994
651,1.263021827875119
652,1.032197283653892
653,0.6896001078147722
654,0.7375804865688629
655,0.6045857936408305
656,0.6300627535718502
657,0.4677943710003447
658,1.1748209385996988
659,0.7881322152474666
660,0.805070343526197
661,0.6206729409529395
662,0.7036909220584375
663,0.8149804499173774
664,0.569720417105069
665,1.2018744558028596
666,0.6934461817431496
667,1.1956471582546806
668,1.0561141861341072
669,0.9101801901512205
670,0.8340784255086358
671,0.616875681364591
672,0.7913889384749659
673,0.9774483835415879
674,0.8329187256418462
675,1.5852670111644116
676,1.267166783722252
677,1.0030842422747108
678,1.906955248518467
679,0.682609984785771
680,1.1187799694209917
681,1.3556717392522808
682,1.5393062451975577
683,1.0824524344756274
684,1.5077798120096144
685,0.6557311898937339
686,1.1784647644819812
687,0.34008718838716345
688,0.7232032081723698
689,0.8857759222896933
690,0.5424417344626424
691,0.4569166548496806
692,1.2331328820737997
693,0.5211261266492838
694,1.006934803672463
695,0.44633026286240973
696,0.6908190487628407
697,0.35484517706393826
698,1.3589652984680467
699,1.1957204480032808
700,0.7581408877525448
701,0.8360888142455711
702,1.0854423863032499
703,0.8933696742894011
704,1.0008881779606384
705,0.7894277664202105
706,1.3734832940816055
707,0.9861256184396707
708,1.3013293896458134
709,0.8472614894288265
710,0.4040951208749779
711,0.8305463937685609
712,0.8735134134288862
713,0.8418208747374479
714,0.4942193380552502
715,0.8187191467544648
716,0.8900502404839536
717,1.2652662876025795
718,0.7988020546688508
719,0.8304129557676767
720,0.6586676429143237
721,0.7512931259760529
722,0.7358794815828897
723,0.5567350685890959
724,1.0959003545509067
725,1.2850949352475993
726,0.70347689586851
727,0.618829790086932
728,0.4983652057165342
729,1.1658363255291533
730,0.7084409070911697
731,0.70476869795091
732,0.47934505283792134
733,0.8083106866511132
734,1.175939735998812
735,0.4203776507930428
736,0.5442022605093926
737,0.9860908602924463
738,0.9738575557988494
739,0.5786124433461173
740,0.5885608697909479
741,0.6678072486403961
742,0.549907102467551
743,1.9019695606158846
744,1.0493752478190865
745,0.5496659676416927
746,1.4284168955117202
747,1.184393460877195
748,0.683237559534069
749,0.5298556586428882
750,1.6143646484804837
751,0.658131379072997
752,0.7987036766498684
753,0.8525122377988908
754,0.7041155282008498
755,2.491262834276719
756,0.8114111621229254
757,0.808999834465264
758,0.9395880195062123
759,0.7067101480882823
760,0.8153984685781035
761,1.722787345753043
762,0.6454260322868057
763,1.2684927326591589
764,0.6765865643278062
765,0.5939644379531779
766,0.9184301971700157
767,1.1760457844741756
768,1.076155334695534
769,0.7037933846122206
770,0.7394893962192652
771,1.0541350266220668
772,1.2506116608753155
773,1.227635841107373
774,0.8291032193204254
775,0.837653701296266
776,0.4590413812521401
777,1.0091589063183983
778,1.141347693340843
779,1.1616507429032854
780,0.5104720216044552
781,0.5547937682322244
782,0.8547806527125347
783,0.8129088040896466
784,0.7768683438495705
785,0.5547208981651846
786,1.0696273844230413
787,0.664340688515784
788,0.6162387753254509
789,1.148421096815822
790,1.5489290509849483
791,0.8488437241393745
792,0.7785872046038694
793,0.5477710320340807
794,0.8182765394617748
795,0.7450876765558281
796,0.816650288581168
797,0.8996194593129863
798,0.7216893041373806
799,0.80670065539254
800,0.4298773216559564
801,1.1083821210520446
802,0.4983080477713475
803,1.3297492749132631
804,0.7413634305539709
805,1.215989436162596
806,0.6978543003981139
807,0.8496440080870729
808,0.7102690419284526
809,1.4489880100955936
810,0.9740636885297146
811,0.44478172684904216
812,0.4202319842224651
813,1.4852762124789027
814,0.8177075205757209
815,1.0018797200183032
816,0.66644872875923
817,0.48686689407045236
818,0.9437463529241799
819,1.5136652511902182
820,0.7593450568078435
821,0.8069488332928949
822,1.1474938815812796
823,1.0087190992016377
824,1.060372054376976
825,0.4519698161718706
826,0.5858760092267645
827,0.8809196812475539
828,1.0642902149132203
829,0.7607403607635976
830,0.4861636794245259
831,1.3965341349759677
832,0.756685974389953
833,2.0297146310990066
834,0.6347487078474656
835,1.1461282920390914
836,0.5182528472959449
837,1.0597589752540688
838,0.7159305303796231
839,0.7167053943919219
840,1.1499953888794936
841,0.7489845360059763
842,1.7041838672630205
843,0.6487643183131624
844,1.0752715745443653
845,0.7585487338283305
846,0.8316562073428805
847,1.0471701012293524
848,1.675390782427151
849,0.9055380897174261
850,1.0939267062394338
851,1.564586787395438
852,0.889113132742422
853,1.3927696441117678
854,1.0712049306363904
855,0.729175563975777
856,0.888744810697367
857,0.993890452886466
858,0.9199902365467615
859,0.8319613039886391
860,1.3231056940662418
861,0.9223113891693964
862,0.8615010785511155
863,0.822426841339106
864,0.5977429520631221
865,1.793024571811573
866,1.133245131782448
867,0.6325838143499318
868,0.8333506061926297
869,0.7677883149846809
870,1.2141835230521139
871,1.1012537746735251
872,0.7815763949670929
873,1.110536833264739
874,0.8539827521646801
875,0.8369403284968316
876,0.9650891019864666
877,0.8535026229190219
878,1.3751906372935232
879,0.9080470674888979
880,0.7235296434107821
881,1.0583879841521888
882,1.0747009382958588
883,1.1679904575154305
884,1.2345022677713335
885,0.5967925791944062
886,0.7317084560299258
887,0.7773163501987663
888,0.6938714185839214
889,0.4147726563398262
890,0.47571283326058866
891,1.3819452991664796
892,0.7769798054472132
893,0.5731085247047063
894,0.6891007731575491
895,0.9914323190008314
896,1.6731446629614324
897,0.7973197185534683
898,0.6910049443876476
899,1.0481088791812234
900,1.1413332599550765
901,0.927428195501395
902,0.46467109320583777
903,0.9246518868257547
904,0.7376895921175488
905,0.9788462050014666
906,1.296598714277948
907,0.7233231086000034
908,0.8691268910155348
909,1.0888568244451386
910,1.7282276136743522
911,0.5624645705155729
912,0.924418201517534
913,1.8770204802333226
914,1.202598389933124
915,0.903219968036429
916,0.7067784055781732
917,1.703172801414648
918,0.8375004113508853
919,0.6657217080900586
920,0.9244562482132004
921,0.6168878498420327
922,1.7800422030094114
923,0.8270821416939169
924,0.5058071890049147
925,0.8786795241051322
926,0.8309458015448414
927,0.5152914944446572
928,1.1455964193393973
929,0.594451826306515
930,0.48266599794806453
931,1.7501255498814796
932,0.8756964310238947
933,0.9548990531183528
934,0.7931887334949925
935,1.5260387091679215
936,1.4001905337871934
937,0.8072041735510531
938,0.8204388016174193
939,1.0164611428912242
940,1.61013888815495
941,1.6521296670741012
942,1.01692462537269
943,0.6972102188169691
944,0.9528777061966829
945,0.730061162007348
946,0.7612023668887489
947,0.8449323630071899
948,0.999190651836972
949,1.2143876715807806
950,0.7225476840349614
951,0.9047765900485691
952,1.16343958193317
953,0.5457980440340116
954,0.77513655558976
955,2.0695665377974044
956,0.719099244850679
957,0.8264489603086504
958,0.764519683996467
959,0.6357021755790058
960,1.0580060833752656
961,0.4804613634479953
962,0.7975764828765304
963,1.3820929409858431
964,0.8965397973237055
965,0.8907484178062393
966,1.5333514951159275
967,1.0300300554871313
968,1.703052518148814
969,1.515730857000193
970,1.4997772310082875
971,0.5798433567300636
972,1.4891875239916517
973,0.813290567753587
974,0.6220275550996455
975,0.6256217149605612
976,0.5248935052210051
977,0.7231530533134642
978,0.6005140549860126
979,0.9734597338075148
980,0.5004132155893449
981,2.18577068399778
982,0.8976348467993592
983,0.6791314953333906
984,1.4276232297464442
985,0.813027551142607
986,0.30955826834517824
987,0.7418878235676918
988,1.3799589735903544
989,1.435754638763612
990,0.7009673008455467
991,0.7334145575933633
992,0.7599464591442452
993,0.9567501814430299
994,0.806502565215484
995,0.5798265417976851
996,2.4630975488068065
997,0.3784231926798076
998,1.4666711644050858
999,0.564179352377025
1000,1.8281780235589022
1001,0.8893882701144942
1002,1.0883640596443582
1003,1.212818163553909
1004,1.8639829849201552
1005,0.28961737887897154
1006,0.453594893937705
1007,0.9136470449063481
1008,1.114325690079783
1009,0.9690300898127491
1010,0.5895105628100243
1011,0.5959532732789614
1012,0.8382239063527321
1013,0.610878200489837
1014,0.6472733532740844
1015,0.6649502195842407
1016,1.093574628849241
1017,0.3720920537173802
1018,0.547117771800602
1019,0.7222002146938951
1020,1.6220559676100137
1021,0.7360106185351203
1022,0.6680610593177829
1023,0.8608722609468693
1024,0.6803858946881136
1025,1.0795051181604383
1026,0.840449694841124
1027,1.5983524953650008
1028,0.8505430476393991
1029,1.4822237796628708
1030,1.2031192834745024
1031,0.5540868456841759
1032,0.5654655700833726
1033,1.0475187444033391
1034,1.7489505946256048
1035,0.833007834109347
1036,0.7343239231779539
1037,0.5471983704187373
1038,1.3201543483442209
1039,1.1059069351073894
1040,1.4145612926515354
1041,0.5760845217165779
1042,0.8213447656820976
1043,0.9256300304241849
1044,0.476474165209545
1045,0.8045920254444239
1046,0.639108337291256
1047,0.7522257482138688
1048,0.6585915991002844
1049,2.301446316566735
1050,0.6972712240419252
1051,1.138043638306696
1052,1.2874183651772473
1053,0.483088872486261
1054,0.8651028471431745
1055,0.5299791324652117
1056,0.6220054914466706
1057,0.40803051065272955
1058,0.6230288140746804
1059,1.1342255310986067
1060,0.3378445769326315
1061,1.0442471648888931
1062,0.4749970698908492
1063,0.4531432143966483
1064,0.30168206085935845
1065,0.5681052128161119
1066,0.780057342523462
1067,0.7117896217271293
1068,0.6464831871593653
1069,0.5237803122889126
1070,0.618031758342271
1071,0.7630527053677268
1072,0.8019658212848659
1073,1.083525311531341
1074,0.5361916726676141
1075,0.49026907256569974
1076,0.8397789924769876
1077,0.315654618099658
1078,0.8719324274268745
1079,1.3496726947789686
1080,1.1960457900311898
1081,1.3605950779131228
1082,0.8788903658458077
1083,0.9952692179571949
1084,1.310157193549643
1085,1.0209093329336474
1086,1.1176934071436575
1087,1.177432270293732
1088,0.8900597208513699
1089,0.48215078168433023
1090,0.697250015139509
1091,0.9168745441143692
1092,0.5658568670885558
1093,1.016113906004804
1094,1.3728096528292357
1095,0.8572623267295527
1096,0.8940661941658021
1097,1.0177201149385744
1098,1.6742338265425354
1099,0.800585817768471
1100,0.8741109730000405
1101,0.49398437524233096
1102,1.2899247131046727
1103,0.8074859242398793
1104,0.9953247686862505
1105,0.9783180928196944
1106,0.8992666034514492
1107,1.2205213601390374
1108,1.23192488372025
1109,0.8313802357525073
1110,0.5394426985877745
1111,0.8258959477745933
1112,1.515046031672231
1113,0.6818342175438987
1114,0.767301674709914
1115,0.6495651603318295
1116,0.5893400229424639
1117,1.1378099234906562
1118,0.9154283330550503
1119,2.2833373186317774
1120,0.43145306824984053
1121,2.2806450887581162
1122,1.2718637086411608
1123,0.7057044398541464
1124,0.5465752418670693
1125,0.5972650033999125
1126,0.45340595547133766
1127,1.349275850612646
1128,1.18443752065963
1129,1.52738278701108
1130,0.9556112511103723
1131,0.5046597393984493
1132,1.0231008092061682
1133,1.438120415280538
1134,1.320435206620927
1135,0.8533370904455932
1136,0.8913776004860245
1137,1.1451431948537545
1138,1.8219903676163731
1139,1.1565271823068315
1140,0.46466221917320416
1141,0.8237553035139626
1142,0.7287270686032103
1143,1.1814426292584093
1144,0.922658542727726
1145,0.7444076159567192
1146,1.7654650658577096
1147,0.6885804162521905
1148,0.37889241776625754
1149,1.0977264081643632
1150,0.9024362652867817
1151,0.9473414276778427
1152,1.4839351685354893
1153,0.8768886011330362
1154,0.8342493143599188
1155,1.621234407383128
1156,0.6754011478294911
1157,0.38765557556835173
1158,0.8201253627739575
1159,1.7095667327651616
1160,1.3603741381403054
1161,1.0890959224161236
1162,0.6031716613469402
1163,2.3838239750005483
1164,1.26991687023654
1165,0.7726426286441349
1166,0.7483363621009818
1167,1.4101119747726165
1168,1.0520073190762655
1169,1.2534370446328058
1170,1.0305824221337434
1171,1.3822323697812848
1172,0.5421681578855067
1173,0.6869816009008267
1174,0.5489509444098015
1175,0.868889877885836
1176,0.9195122984003103
1177,0.5584189650793361
1178,0.9640953334422969
1179,0.5826827682317108
1180,0.7741671260427306
1181,0.8402627044137633
1182,0.5523025765399705
1183,0.5152370994088497
1184,0.852230387818887
1185,0.5081658288207145
1186,0.5268656021890683
1187,0.8641527813024071
1188,1.699140745769769
1189,0.6107966315719597
1190,0.8442280285992778
1191,1.8516622071261848
1192,0.7422372445062717
1193,1.061858771751118
1194,2.2255854351101023
1195,1.326102618698389
1196,1.3070433633259726
1197,1.0077053763863346
1198,1.6046014146139913
1199,0.5708159279932457
1200,0.9630434027118309
1201,0.6038650128326586
1202,0.912814365162089
1203,0.743585458518786
1204,0.37480901064656136
1205,0.8995242210395298
1206,1.564427158042716
1207,1.5936177429344545
1208,1.1565044571639405
1209,1.8542650469466087
1210,0.7134707332637111
1211,1.1620665935747627
1212,0.5114308525488465
1213,1.0334779036821082
1214,1.0155334598425632
1215,2.4024997273505937
1216,0.5671762611905045
1217,0.5962119607087097
1218,0.7136595676366597
1219,0.794294827565734
1220,0.37763087557962816
1221,1.5002634529807146
1222,0.6977800503686102
1223,0.45629910269143004
1224,1.7735053816941142
1225,1.383046575208862
1226,0.5857396086541946
1227,0.9905013972690224
1228,2.120977477382578
1229,0.8062529353816331
1230,0.5959767071138022
1231,0.3483707941997367
1232,0.5791470315205555
1233,1.0523772002344176
1234,1.2750996578163525
1235,0.5746747458470292
1236,0.9741909712494126
1237,0.45598344529966967
1238,1.2381586728043925
1239,0.4622166006889188
1240,1.3480038334374445
1241,0.6536593447608283
1242,0.9257837548336589
1243,0.7572462702563043
1244,0.5526086478908159
1245,1.6999377450555762
1246,1.0270851534361425
1247,1.7488624142130085
1248,1.1004844068893367
1249,1.1889922825429649
1250,0.8818855817993251
1251,1.0701793700253157
1252,2.5173676876900606
1253,0.8908152628499406
1254,0.7511516944120905
1255,0.9532542586925019
1256,0.9482802252617326
1257,0.9039798337951325
1258,1.095542727012793
1259,0.9162070369221905
1260,1.071494192127843
1261,1.2215994117147742
1262,1.4239556250564465
1263,0.7242268875035038
1264,0.9287020689918508
1265,0.4442115682119434
1266,0.7597635975378418
1267,0.6852933440501072
1268,1.2841443270475361
1269,1.2986891372785785
1270,1.0318475062532895
1271,0.7483267109157599
1272,1.1758525808240314
1273,0.7305828076780316
1274,1.081282190884955
1275,0.5017379735383587
1276,0.4667867115860746
1277,0.37485262329841174
1278,1.8945688335549131
1279,0.8492944253907918
1280,1.5695886405187527
1281,0.5702678750234147
1282,0.7004118410475173
1283,1.3895829849013355
1284,1.0081125008210776
1285,1.8270538495734172
1286,0.4052816334956191
1287,0.8412825089427605
1288,1.0778427961789205
1289,3.1733766075604466
1290,1.0613830192658362
1291,1.9646377826664327
1292,1.7415022596918797
1293,0.7793496869682301
1294,0.6660199838639338
1295,0.683318621382178
1296,0.7458786745774275
1297,0.5753577438294912
1298,0.8073602342555883
1299,1.945884739237147
1300,0.9550718763479145
1301,1.128595783193489
1302,0.8427846195680226
1303,0.7708960030500283
1304,0.8642112261997401
1305,1.859289000223713
1306,0.644345962464488
1307,1.7438707170030845
1308,0.9859357419708736
1309,0.6802777211361324
1310,1.4928430126854213
1311,0.7993862408147905
1312,1.889123696342743
1313,1.242891424332
1314,0.6530853669740966
1315,0.45447162212442316
1316,0.26907826287100833
1317,0.9184538472251403
1318,0.6526244727115498
1319,1.3277292062261383
1320,0.47976803313980865
1321,0.8752999433203654
1322,1.9044388093654159
1323,0.7686575571853884
1324,1.6817254657014553
1325,0.9064627153669704
1326,0.7398673750569917
1327,1.509376313297678
1328,0.6819375984908964
1329,2.167373127552579
1330,1.696086596388422
1331,0.8184337127493033
1332,0.5337334043736082
1333,0.740249960097616
1334,0.5806707574914085
1335,0.885949479429978
1336,0.7399978087984282
1337,0.41642825812108064
1338,0.6144924757644881
1339,0.9873168069864029
1340,2.410528978479018
1341,0.47973173697327365
1342,1.3212355140312841
1343,2.1009877135897836
1344,1.8968957278217302
1345,0.5947642431128312
1346,1.21302358036607
1347,0.5633511270169613
1348,2.286429063266152
1349,0.7295785193260236
1350,0.41320825281482865
1351,1.8024082247166953
1352,1.0252561190232816
1353,0.6013734531304769
1354,1.1344744595020977
1355,0.9045904298171688
1356,1.8977738409500562
1357,0.9677113914459352
1358,1.3553753481059942
1359,1.1003675153644457
1360,0.8066666751324545
1361,0.3872034692337758
1362,0.7471618968403835
1363,0.7663612658694019
1364,0.26814719018752875
1365,1.8237563706906652
1366,1.4191489651041467
1367,1.0260912526626198
1368,0.9574414437785607
1369,1.319763042546445
1370,1.0292056211405067
1371,0.9912934357278012
1372,0.9714963632914189
1373,2.0484449907676296
1374,0.5722717314305943
1375,0.7818847541318887
1376,1.0522633772720051
1377,0.45796328439697054
1378,1.2974995337228237
1379,1.1425399817246058
1380,0.3164210216216867
1381,0.8049785507887299
1382,0.5457230298825186
1383,1.090230581873727
1384,1.834718345760699
1385,0.5517128976889136
1386,0.6768076372371796
1387,1.4494806614006945
1388,0.8011912988176575
1389,1.8789383405360014
1390,1.0075630386395409
1391,0.8910880241888619
1392,1.0448800284097575
1393,0.6576249902567426
1394,0.5156360271740121
1395,0.5879876872500076
1396,2.4450997513033155
1397,1.2455460206790825
1398,1.1015912139180588
1399,2.448976159025902
1400,0.963438458389148
1401,1.511650277877266
1402,0.4679329862092047
1403,2.4679432702678223
1404,1.0028401059423562
1405,1.0323368738204863
1406,0.508820175428754
1407,0.3428627366955901
1408,0.3615429375997179
1409,1.2095812881636152
1410,0.7707690208362912
1411,0.8751889023507864
1412,0.7256809810035735
1413,0.48840769629022396
1414,1.8018701230182153
1415,1.6520874253399724
1416,0.7628361704152118
1417,1.1582955225404201
1418,0.7899748584840633
1419,0.49158735225946737
1420,0.6828669186665035
1421,0.6983367529744671
1422,1.96973301375496
1423,0.8858385565331062
1424,1.682209895944019
1425,1.4487724011524015
1426,0.9843491769899524
1427,0.435679566250321
1428,1.4187272357861334
1429,1.2417977021352484
1430,0.8219140156553588
1431,0.9481203106037976
1432,0.7381624461606515
1433,0.9233085228226012
1434,1.952037734574441
1435,0.9152379778426192
1436,1.0081885080507846
1437,1.1474671108282246
1438,1.0845398960335781
1439,1.1933581816795287
1440,0.8593086370373088
1441,1.0682297567226562
1442,0.5879287523711643
1443,0.5447529230848378
1444,3.243901798016105
1445,1.110348863304266
1446,1.4361574985821448
1447,0.4979323168878764
1448,1.597116554316127
1449,0.8725723772459139
1450,1.5396171042583058
1451,1.7702522744606368
1452,0.46758045081820493
1453,1.7879156809241732
1454,0.7394299390045167
1455,0.9167813211903568
1456,1.1087535060205713
1457,0.8316369437746034
1458,0.5641624633121771
1459,0.5852822988132885
1460,1.0988701049929612
1461,1.0198538844292182
1462,0.7500766308458404
1463,1.6122241738977738
1464,1.352195553680871
1465,0.9410841971428008
1466,1.257051059352831
1467,0.6031154641436967
1468,0.6744493717305932
1469,0.8193385924485304
1470,0.651524534735624
1471,0.817187137354666
1472,0.8818153960365092
1473,1.333020412829935
1474,0.9315462629098681
1475,0.89698147455465
1476,0.8490097432755404
1477,1.1003006939544449
1478,0.6598924300081059
1479,1.4775080214662797
1480,1.1078131917748442
1481,0.5422455036384721
1482,0.6294198773635271
1483,0.8767351735859883
1484,0.6409763605740377
1485,2.1950870521164836
1486,1.5636399507817176
1487,0.7286706349642731
1488,0.7736154799221193
1489,2.241650569088058
1490,1.2273643575342694
1491,0.7551834884333841
1492,1.223521782268189
1493,0.4442528907821941
1494,0.5988282059170795
1495,1.8650013508109122
1496,0.4545572835992111
1497,1.1209148927879218
1498,0.33115942134692666
