episode,rolling_mean_reward
0,-31.110780393876098
1,-26.67460418768788
2,16.056556927807947
3,-2.036320422199618
4,5.8170223654999065
5,-20.206075404337565
6,-5.360370848118618
7,-33.52434627433978
8,2.5663825532115734
9,12.583446771727177
10,-18.74858025461494
11,-22.90663864978482
12,-14.572271628705163
13,-20.405654100674933
14,-28.49590609717596
15,-21.679131803825992
16,-11.83362162555187
17,-1.2973269185337322
18,-27.22007408643299
19,-30.26787518986181
20,-42.82996618396046
21,-35.107567958302994
22,50.79779025877081
23,-27.143646348324214
24,-18.341568609398887
25,-41.48161554113662
26,10.438658763416173
27,-22.321095794804794
28,-8.33803585171583
29,-34.835850121790635
30,-31.365320850862812
31,-40.023341196719215
32,-45.22111252113771
33,-11.933455825435535
34,-4.306654728866256
35,-42.26005782788146
36,-57.52964334134181
37,-10.536327780460294
38,-51.87475354656476
39,4.409968451029566
40,-15.786505890179585
41,-17.908166011471398
42,-59.268576035428254
43,-18.724498167918707
44,-26.358630317677697
45,49.694144124065815
46,-24.314914684969416
47,-11.08452298613385
48,-33.70214863516346
49,-28.5655906096258
50,-32.16962137545228
51,-38.2225385895162
52,-11.174081178380709
53,-10.098210288968541
54,-36.590978538737794
55,-22.071673642203372
56,-36.31311299048309
57,-36.41696953847377
58,-33.408425743884834
59,-61.207503640215755
60,-44.39060926467872
61,-29.376670100392975
62,-25.94979908116869
63,-37.0981059731063
64,-2.4689761620348656
65,-7.352711279675678
66,-48.07218775904966
67,-26.83631591198988
68,-24.861219985714914
69,-45.128144125423105
70,-59.552298153926195
71,-23.1482645832393
72,-15.176055799471218
73,-10.531525126351006
74,-32.261200494342845
75,-39.62560147474309
76,-36.449317339419494
77,-9.810767770473117
78,-43.260814815365414
79,-37.19916632121976
80,-34.117067059603336
81,-11.649027882061436
82,3.430258521791947
83,14.732960769900775
84,-23.03076497538923
85,-25.612070202229326
86,-20.69187307091526
87,-20.322323623341763
88,-3.0176112841714073
89,-6.6819704264063615
90,-8.307843895550725
91,-34.676339622065676
92,-26.88297661190955
93,-39.34756215085604
94,0.4587509216041981
95,-30.677130078226945
96,-9.585392168269117
97,-21.559863753494824
98,-43.57245015486736
99,23.16053176165733
100,-16.773028215323194
101,-42.027534769750496
102,-29.890567128705896
103,-33.8847769416515
104,9.391985030164228
105,-67.16639056782023
106,-33.03415731537457
107,-17.069921378153136
108,-12.759489295556904
109,-23.928013582082066
110,-19.834786460504883
111,14.23184840183625
112,9.912149036896283
113,-8.086433480951898
114,32.365807857789335
115,11.049392076765354
116,-56.7661211405546
117,-49.644679329119015
118,-15.624051342491413
119,-2.2034601915651124
120,1.7773386821102224
121,2.351302686537652
122,6.024534447170429
123,-66.36347310963826
124,-28.042122865507494
125,-25.497910107606465
126,-7.628166117674245
127,-31.683940461848703
128,10.362301876592362
129,-37.07286169934779
130,-1.0290817548710192
131,-4.357865022529194
132,-30.34392198181575
133,-62.47343204100194
134,-24.681709596470775
135,-9.955407263596893
136,-33.534685026316865
137,-7.033951860271511
138,-15.400308941038494
139,-0.9331764230607515
140,7.646251452389461
141,-7.295635050063658
142,-5.051910162925496
143,0.9247563779009206
144,-9.482606289136772
145,12.08012910812846
146,-1.603195619719541
147,1.2982985607675481
148,14.27742254175624
149,-1.880243742558791
150,-79.52730322068511
151,-21.60639090928985
152,24.863950608945537
153,-3.6748602458538056
154,-2.065248666789639
155,-3.1308221993887204
156,-52.08011205862443
157,6.1780978427212005
158,10.85606765684128
159,-11.931576289855109
160,-45.6637534080749
161,9.884409523378979
162,-13.022352475704476
163,-4.442639118628723
164,-7.59809309164496
165,-1.1678779009014617
166,-4.061759258073777
167,-57.45299277791763
168,-16.728585229885226
169,-92.47398246669576
170,-5.1403011757393315
171,2.3366489582433667
172,-14.05763034737913
173,-25.97201045834235
174,-23.40390120089042
175,-17.64690807691849
176,-35.479834717371574
177,-24.377331625846985
178,-22.944973410811706
179,17.815652031870883
180,7.842104915360263
181,-39.96512251923072
182,-25.684259041586635
183,-28.724213104348955
184,-26.470154614366763
185,-21.511989199826264
186,-25.745508281633587
187,-68.44639134400359
188,3.4360787896965626
189,5.208443709038648
190,2.852198804857029
191,-16.826487004072323
192,11.325883445030447
193,-0.6735040905200032
194,-4.461909210998994
195,-43.70978439206814
196,-2.703871735066529
197,1.8820087735239617
198,-13.312211433906949
199,-38.71845026508302
200,-13.288333607491413
201,-4.459197317195867
202,-1.7539782203518313
203,-1.123537461768447
204,-13.72899243510651
205,-21.976968480026017
206,-17.64881253840864
207,-24.48743353877629
208,-21.953254076265516
209,-30.248319671433123
210,6.691428448594094
211,48.77621826611161
212,8.080517205803943
213,-3.8766745872056734
214,-18.37305675798797
215,4.406645290678498
216,7.953735538381751
217,-27.260241356841643
218,-3.6513197572515383
219,-3.0626131069451885
220,0.04492753284941698
221,-51.87945361812902
222,6.2833926341274156
223,-35.05655742131482
224,-34.11116289906427
225,-12.540166958225106
226,14.675991756998371
227,-5.791329432903792
228,-17.394744517727858
229,-7.7609101308009905
230,-4.235796737830337
231,4.635569457913956
232,-7.910945937826723
233,-31.672700679757128
234,16.90594673153909
235,-25.396592978301776
236,9.76550164516237
237,-3.736310580876108
238,8.633416272909038
239,-14.307006325303114
240,-13.611196834384785
241,-18.6630938357754
242,-9.784686679789981
243,1.6380965333233866
244,-7.2926557386122335
245,-7.97167275365325
246,8.341601071757603
247,0.7398660911257028
248,-14.988811346838355
249,-0.7715539356488601
250,23.225180228052
251,-40.95860236576275
252,72.37567262847934
253,-52.8983980614219
254,-29.77669587315939
255,12.176365698819817
256,-7.500813365884793
257,-31.765415693817573
258,-39.92340061653194
259,-29.749330296723407
260,1.3727409590741542
261,11.00998546809093
262,-68.53018076719546
263,-29.790033271081036
264,-36.035070945138614
265,0.9386466857532866
266,4.189453735461126
267,-6.360906489213403
268,6.796539997912986
269,3.2951615423107246
270,-12.845343535449707
271,7.833290553740624
272,-5.289214033295015
273,-35.11117212563808
274,-69.35822099831869
275,-8.212030310753441
276,9.240163037810841
277,-30.14775207892736
278,-33.36564014790299
279,-37.66260595511504
280,39.05619147824078
281,-49.30630055913776
282,-2.1989485727306635
283,23.630148307202983
284,-23.795620869935927
285,-26.871990996701168
286,-20.844925646054474
287,-4.484491076862194
288,-4.864034812600149
289,-58.80078631269675
290,21.945998167239914
291,-12.299954924632988
292,-13.432666127978793
293,4.067881937760957
294,-11.244722490901498
295,-23.161042959296168
296,92.70073440579999
297,-5.002343319591872
298,-14.567899990755986
299,10.799964188044612
300,9.954151787722706
301,-15.284464605137096
302,-8.25178737906637
303,-16.055436616975204
304,-8.394892191112243
305,-25.249230905315727
306,7.257369548851724
307,-2.2093498806389285
308,10.581010260069023
309,-1.236962284062282
310,-27.585375277778112
311,13.122167087112096
312,11.13990623309892
313,3.7519899432918837
314,-12.9274540430664
315,13.52805271593834
316,11.771588692322199
317,-19.418003216444667
318,-38.52731017531878
319,-3.0119170556275146
320,20.651048087351906
321,19.955102476252577
322,-70.25775338986712
323,-41.49865304467957
324,-11.949934620123502
325,-12.470591350958841
326,6.097842621486586
327,10.568871168854836
328,6.058642493369754
329,-38.393042621323765
330,13.642965243169249
331,3.7197254951624834
332,-7.619441891864215
333,8.964858971809905
334,14.976296525556881
335,-39.1087945608492
336,-1.9248748610842128
337,-20.159148448702613
338,-3.0459577363043726
339,5.663598861334446
340,-39.73743513916777
341,7.658924015124762
342,-3.330015892805861
343,-0.5377525245961519
344,-107.87763297947552
345,21.92305708378919
346,16.51329319265239
347,7.43692657191425
348,-5.974735175569056
349,-46.26460097343874
350,20.18176046132475
351,-9.732798118220895
352,-2.7070677471239835
353,16.11854856545147
354,-13.878081475949559
355,-54.03753738408256
356,-15.40287076597702
357,-1.581594991762529
358,11.147428251878141
359,10.536064437796584
360,-6.807927185274872
361,14.21226159576564
362,2.4189195808603814
363,70.3646810149524
364,28.645217993630368
365,-46.375675812946376
366,3.927883650650142
367,-7.429483670791784
368,-39.42118773629014
369,-23.302879507570992
370,-20.54411233374299
371,-26.780151713885296
372,8.749188758228263
373,21.526597111775196
374,21.621313900458773
375,9.60393207901756
376,3.397289017643957
377,-16.713642301315325
378,-51.04772868824736
379,8.874330343246909
380,-0.14878259399036617
381,49.97234371690421
382,11.36208232105291
383,20.96153789588699
384,3.5149344408480423
385,-36.66060616890297
386,-16.609541455996524
387,29.635131938816116
388,19.567331762078588
389,-7.923892969028239
390,47.767387665486936
391,-1.0872649368694598
392,-39.95976453059104
393,11.310487013530066
394,11.62720478099265
395,-63.4134898999615
396,77.80654981908208
397,-8.894535104459433
398,-11.345437780544954
399,16.590340013870332
400,17.0903787270572
401,0.7869164732841867
402,10.337572883894675
403,8.275630865276817
404,1.6350778227794847
405,-34.99464618379864
406,53.97466058239256
407,7.535263070381502
408,8.04984717397209
409,22.49580815805552
410,-37.201829191236655
411,-1.9543390186085152
412,-5.308668806051955
413,13.21795431987059
414,-11.92373483215231
415,25.02176491687216
416,17.411970252214775
417,-34.17052240772047
418,-35.370170019577266
419,-6.388230563233808
420,8.82078564974743
421,7.186641454424189
422,-24.644430790722716
423,9.361758464981113
424,-34.44349789315811
425,23.98796709814545
426,15.7671089744746
427,27.344959306937437
428,-26.071985263000297
429,39.119970177672876
430,15.988761130106038
431,1.6105956382412092
432,13.310139764569989
433,9.467808044040364
434,10.681017856338322
435,-9.93460056307404
436,1.100025097064207
437,-5.771476211180429
438,4.493981679970579
439,14.870188742058474
440,-2.4682670725514346
441,21.36021267068601
442,27.017102333949506
443,15.68435021961631
444,2.2554662994021357
445,21.119332702977665
446,72.77667795508532
447,23.951437193575323
448,124.56467929421348
449,-5.396353200950351
450,37.53712579330642
451,-11.131547001401431
452,10.024893346956029
453,-7.310132814347009
454,29.44080665436781
455,-8.190216042817962
456,25.211484498119756
457,-13.74132160266866
458,68.54032508129117
459,18.645541468703343
460,71.25456655639705
461,24.3189481437156
462,-0.7274059922455071
463,1.1496780350276192
464,25.59482102083174
465,23.719337514804835
466,-7.33809290149379
467,-27.149647436481587
468,18.488390651174875
469,-48.188410965352254
470,17.980729915558918
471,-43.24669441217742
472,6.111436165326283
473,-11.488179307076859
474,-19.901912905404462
475,31.706185335478533
476,-45.37526852007322
477,48.14569440820109
478,10.772630221956842
479,-12.885841831199938
480,48.26081122440494
481,21.10562801286101
482,12.217253424852359
483,-35.71278274335028
484,29.74394848928921
485,38.907967843004556
486,-10.365242241082164
487,24.351444294425068
488,32.89438905147633
489,-7.098718538488422
490,78.95063365752458
491,-7.908653542116233
492,25.34233533905572
493,21.986616567447584
494,-0.8757718974127814
495,12.846247212838943
496,-54.29862673637238
497,-89.21246557349544
498,12.89307060928865
499,24.105490688598678
500,0.7591394403573848
501,-17.640508618106285
502,27.386147046680126
503,11.219056653858965
504,27.3035401116641
505,12.28431872690297
506,29.30076256482193
507,97.52305872654271
508,64.98899693255711
509,-53.51664400585637
510,14.22463130005868
511,-17.50765638435426
512,-27.548849226106014
513,7.535875738483734
514,14.925228039483892
515,22.505749498949683
516,15.536316613666758
517,0.19977774689380287
518,38.94105467250516
519,2.1577983600702555
520,6.917289992866926
521,17.57525160214119
522,15.67266342702815
523,28.916635122151753
524,29.954925531117937
525,0.2905417756418434
526,-19.304985016878597
527,1.7405456367606833
528,-28.754951302810202
529,49.88320718367442
530,-1.3984855210822844
531,30.372976695540665
532,6.681668254463489
533,14.46473085477545
534,24.032352761716687
535,11.051439251582464
536,30.43162288177435
537,19.997662319865587
538,41.03848482266319
539,16.017736834896358
540,10.948751017476381
541,26.957732173527045
542,13.489156552909458
543,0.44343945491350817
544,-5.249515713229417
545,8.576493715803979
546,31.116903665900157
547,-6.305173083953384
548,16.54927809908418
549,-28.274841380362414
550,-30.54337688303806
551,-30.76798885100257
552,72.55240066080894
553,32.34585009882369
554,18.405505584550955
555,9.88931311432293
556,13.04162270519267
557,27.9483598552616
558,13.475555514910587
559,14.505674981049916
560,-19.677250639618567
561,-3.0450005711911965
562,31.523077030219678
563,39.31771630834381
564,66.20298703130564
565,-5.799732276741968
566,5.804021765172216
567,14.7601448514802
568,32.085855704655366
569,25.199391538171422
570,-16.07432211314285
571,87.86310007935407
572,3.5771005163692458
573,10.626973885507763
574,35.759981985707725
575,-3.101432947142679
576,16.186660562180336
577,16.587313261649633
578,26.48188902401509
579,50.135370387277874
580,29.96881398999581
581,26.92778545226458
582,49.778085558525646
583,16.032982542163403
584,-8.853176171230437
585,4.243192408724475
586,19.18609078088271
587,8.13602876219477
588,3.6274229586323754
589,24.018165474160643
590,20.844083480696316
591,104.99596607365186
592,11.329684309923657
593,12.37331979164466
594,32.58800801905461
595,29.07039480293142
596,21.778870337662575
597,26.6604355720253
598,-9.238347116008738
599,27.347770249833303
600,24.263018026511105
601,14.891672536230345
602,65.28858075924059
603,9.737521828244112
604,13.106220295968921
605,12.960886703066782
606,23.89241584359273
607,26.743426110633276
608,-18.660534300613218
609,8.695250037403163
610,-15.881848410969662
611,10.597837998270219
612,24.444704444907742
613,6.619681132159697
614,-28.340617187982282
615,10.109119073433284
616,2.8274450655247
617,11.353934584712492
618,11.907426642765616
619,21.018771709491375
620,5.2887585136419295
621,2.4497941966785177
622,9.77119507718854
623,19.823812415935542
624,-0.16381353024759643
625,40.95210823946345
626,-42.07380313565685
627,18.919020489063982
628,-10.25775305336837
629,6.602939113806174
630,51.806224944073634
631,26.59297130685343
632,39.54209015405865
633,-40.76573143607519
634,50.66963849052688
635,24.663041372791305
636,28.784053030614647
637,23.632049737882717
638,7.791964834652216
639,-25.218126377033602
640,9.84444244170461
641,82.49189034862648
642,25.017583051561804
643,29.66100144376611
644,36.05146650994627
645,23.966245974406938
646,-4.986651318568411
647,8.593496250695875
648,-8.186524438695006
649,74.800219008833
650,34.92364314404709
651,45.256529663165914
652,37.103307127851956
653,46.072979463885986
654,45.1449911688544
655,14.650762599149472
656,-8.554677892261449
657,35.62452844994644
658,11.0234400347174
659,35.95232404300064
660,4.828427617231365
661,15.334218203415231
662,50.221824020728675
663,65.6678432034968
664,5.013001752057953
665,59.18963751753833
666,23.479635048492945
667,41.71797435651021
668,-49.233667382509985
669,27.1839975270728
670,19.951502653392996
671,80.42802149170073
672,3.7439755205975747
673,33.52580602726782
674,29.492566104118836
675,32.80804516305682
676,27.492069415482298
677,76.36777688646094
678,-0.6826451437979234
679,7.265121570359129
680,2.6799219172890267
681,-5.489135750263254
682,27.498298116612165
683,23.292777754740282
684,17.200084401180785
685,20.090237977520665
686,23.142078456680817
687,-3.511100104754343
688,82.16595281818395
689,15.542326545541341
690,25.373818764464932
691,34.26461312007465
692,41.79880374502002
693,39.355847746017155
694,23.103512549578216
695,41.34789037819964
696,23.162330417582552
697,29.398508698875148
698,29.506219462291035
699,43.79285396203605
700,23.173013539275928
701,-8.374159465214218
702,43.6663778319978
703,53.3876812274645
704,-9.66151911276136
705,12.13792398088809
706,1.309959417007217
707,30.66318952966056
708,6.458748996212309
709,39.41839088429823
710,62.66401450231451
711,21.975295682551987
712,29.912742338581243
713,26.439989939537586
714,25.474519378430646
715,39.56460685741471
716,110.51377787370512
717,25.551850491434365
718,-5.020378155576589
719,-15.691987580042186
720,26.74108457505419
721,13.114323261904303
722,30.252161651818867
723,15.598857148110971
724,29.083692421756066
725,31.75438135133349
726,14.579125276019854
727,0.3235807336320535
728,60.63579294999971
729,28.948169831086098
730,18.139747822945097
731,15.771070009826516
732,50.44730213797616
733,2.7484123959033444
734,109.13287248615609
735,10.93952054092813
736,26.47148760830045
737,61.905929908199624
738,18.871643266158053
739,44.70654211209498
740,57.80584919932923
741,28.389297075474662
742,47.237023321996695
743,-17.71604209782369
744,32.070597699076544
745,48.61535169066501
746,62.969275278581534
747,26.93909917006993
748,33.82693698056931
749,43.71319288216385
750,31.651052822989698
751,32.83058514703615
752,44.4058319610166
753,-4.960390019841936
754,35.364783279939864
755,18.42777069586481
756,-0.8440330467041122
757,26.465079358706102
758,12.203131720968576
759,3.8794638690041023
760,20.945782948734493
761,33.60488720422712
762,105.43134065892895
763,23.973206358442642
764,79.84384485185691
765,43.17643569257282
766,15.267788379908444
767,43.56247637018221
768,38.9910684633321
769,28.367379117411076
770,27.55188967005372
771,56.09538788324336
772,4.687263373754687
773,68.32317582182061
774,2.146911563963511
775,28.554261629274514
776,10.90824841104643
777,31.51385044194229
778,47.41327372379113
779,63.64755523492752
780,15.243800000499153
781,19.589238291308813
782,-14.51452603897092
783,18.462300293341123
784,0.3973034558369477
785,11.72558231391391
786,66.08305088966071
787,45.20127565044557
788,-8.336695626850133
789,19.169072483046087
790,52.06963741269759
791,84.57916179843247
792,35.34444402855642
793,18.730245302999933
794,51.87159954075379
795,9.635078894342376
796,31.693956609014467
797,17.56041247536819
798,15.208454424763886
799,-43.74418772417339
800,42.62362016166974
801,70.82939605207133
802,50.81065477572018
803,20.548720152486123
804,44.54294350868048
805,35.597227399047654
806,30.760882859638844
807,31.934872054896907
808,17.533246575341654
809,58.4314123149732
810,25.033453189265753
811,36.0651032453688
812,-12.303460612819272
813,24.971996891982723
814,55.13954582935264
815,60.353310738646094
816,28.128148595452643
817,-22.50903874657331
818,44.396706152586404
819,20.04311945983937
820,69.73543938972124
821,33.14993967588099
822,13.10177343482647
823,42.85650970682278
824,33.29695137661388
825,6.850344228774535
826,-16.289491465427204
827,54.28911127012657
828,125.9458098326983
829,75.94048197683979
830,28.743605242722236
831,18.740364907566413
832,-4.3436954109037575
833,13.778408137002792
834,20.774399054635953
835,96.05011934129166
836,40.61381428648558
837,78.51826430513005
838,25.973226383506155
839,66.58019922215783
840,41.84900146532896
841,41.50677913470883
842,-10.42503401376904
843,21.05889619731178
844,38.42231592643486
845,30.423661587075127
846,45.12691070864432
847,80.97762634511395
848,58.19622081321229
849,6.097699032060727
850,53.51016615589456
851,28.61977077114769
852,19.852650895831268
853,52.354503610099016
854,24.809608088598054
855,31.029517069006246
856,25.134561744727424
857,-0.6202020788460519
858,65.68717774188914
859,36.35152688195459
860,20.54364315847134
861,41.02959922058925
862,40.70796799382302
863,55.04751850144251
864,31.656790735352082
865,2.2013348682362706
866,110.1331168615973
867,71.74401996589337
868,40.34004605183388
869,57.23632709567744
870,25.254697892887652
871,84.21892179994155
872,19.89904542955417
873,26.894848356587293
874,10.813308699061237
875,44.744907892319226
876,47.86858779589085
877,58.808067917263045
878,59.72513806938833
879,39.1476149385325
880,21.620020408633923
881,11.59194697146032
882,79.17271266782927
883,8.940571999095202
884,40.52361651010268
885,80.95628275272607
886,30.112526772669536
887,18.158027044836786
888,46.862692596418526
889,85.61711710113026
890,57.040134915307185
891,38.66562080148175
892,20.88948867172933
893,23.651211199904175
894,27.50023872055937
895,69.07787872316827
896,24.87198221794856
897,41.802706860930705
898,44.912980819214035
899,5.692726924746382
900,52.27439310082483
901,57.42315870249852
902,44.95565591118203
903,-15.796851082192834
904,53.13773734839175
905,56.17508597450319
906,37.37969427004812
907,50.07000488402413
908,37.49159913871131
909,12.24456995219112
910,53.198075645750514
911,36.49567947993874
912,63.37784468303729
913,52.33054345769472
914,113.58711786370762
915,60.66532231822627
916,52.211045651991434
917,35.28197115181304
918,41.57315680116496
919,77.42222581710534
920,51.66419004229663
921,39.72752989738362
922,41.42749987278306
923,44.739860881562166
924,51.39153857613918
925,30.864846111705795
926,85.29106833283014
927,41.26855037571057
928,83.92721630917063
929,65.24007617902969
930,102.35724830772105
931,43.29191170363804
932,33.710205957739504
933,16.012428435440803
934,36.660370161052604
935,42.13673107187636
936,19.588785125903843
937,92.69935260981322
938,32.843412102434094
939,89.84404462328095
940,26.334608348123684
941,5.687820542741561
942,48.95934097449144
943,31.18567681346047
944,61.512622358042364
945,24.882841258220733
946,23.38683570171197
947,64.95142732527245
948,28.856592371846222
949,33.30331477816901
950,43.1935655421164
951,27.85801991290332
952,74.66049204646747
953,57.777072355379
954,20.551369130339697
955,33.16366178830373
956,39.56157524116517
957,45.71906622513808
958,49.782812257788414
959,40.62725880944958
960,72.71851572685271
961,27.436151587315116
962,54.12360056529478
963,64.62556896243082
964,-25.472238421033886
965,48.24778001894878
966,50.458252976525436
967,11.517643169297617
968,119.80825159717861
969,42.934934999010856
970,68.46982240909794
971,48.35398458072533
972,89.72075218625388
973,11.397104954570219
974,78.28783849000965
975,68.21222830154558
976,56.448415834696206
977,26.976543186582653
978,47.01712359868345
979,38.12059611350815
980,84.52708564820848
981,71.93569581290524
982,92.48375608261972
983,23.341790529674192
984,50.15844967192802
985,107.37988476597312
986,52.001284324091834
987,34.24000918777091
988,48.02973800873589
989,66.27803812126847
990,18.07920885294587
991,110.4569396188174
992,42.966560504744876
993,87.27802944739432
994,52.38669694460517
995,89.20303847005866
996,60.852423154841745
997,48.56559422354838
998,25.72786978935246
999,42.59072000976439
1000,55.25282318993726
1001,30.02283464831849
1002,46.38507154517079
1003,55.52657648561043
1004,64.13680930452311
1005,89.87170112061848
1006,53.10826049511523
1007,48.38930214223402
1008,48.99449825164078
1009,44.3827500169769
1010,109.06700273773647
1011,123.68751009237272
1012,46.08907652114716
1013,116.355585793304
1014,64.60070831721599
1015,121.54628536900263
1016,46.32188185413751
1017,58.7872608498684
1018,24.94562617799468
1019,89.76249677424609
1020,92.78262771127368
1021,67.59900371211909
1022,32.10328960316733
1023,54.91803369362209
1024,44.60040563587357
1025,33.41464612988793
1026,97.27317489672153
1027,61.10132306946175
1028,49.73445299308774
1029,112.75398305879182
1030,53.85216600777931
1031,120.19623686144044
1032,51.27159700356182
1033,95.82901434954152
1034,30.95473759683382
1035,102.3322026394342
1036,8.229536849955313
1037,61.25028993560068
1038,91.99241423786108
1039,51.80658763820981
1040,64.5305551471017
1041,109.16691602952568
1042,62.02424104134931
1043,102.22797829259575
1044,140.13616658862588
1045,40.54031576777425
1046,54.94842261056305
1047,122.76850494966598
1048,11.197748565011254
1049,44.76983376075947
1050,41.60844703558993
1051,41.99247705951116
1052,33.31530280150373
1053,35.193997560121254
1054,54.50747953597483
1055,54.213061395608285
1056,47.373377884425246
1057,48.060190220595
1058,68.96905590556479
1059,46.409221059977966
1060,61.177751741926265
1061,76.58713125468039
1062,88.3939581386506
1063,53.82493891866715
1064,87.21300352031746
1065,97.01823044243154
1066,39.18590793094216
1067,29.341105378068658
1068,74.65733790929384
1069,28.359829394209672
1070,53.50262927834914
1071,49.800237307334115
1072,37.975301523034894
1073,53.93510209091399
1074,49.798193413864844
1075,21.60368072786908
1076,77.26487231438458
1077,35.27889558892156
1078,121.6999413179911
1079,59.574278887642336
1080,129.84227763494977
1081,49.547083961540146
1082,42.49231787069563
1083,57.12123530852176
1084,106.24641019280723
1085,32.82299437224134
1086,61.59440802479409
1087,91.58287293933417
1088,53.67190385159491
1089,66.66158276773822
1090,-23.631364717827424
1091,59.58174387688601
1092,59.92994335210343
1093,43.71184300925407
1094,35.71624060166404
1095,130.27365524796934
1096,39.71382409221095
1097,58.578107680773144
1098,132.02912213406208
1099,145.62586393968408
1100,48.25777176643787
1101,57.985656946337656
1102,35.58370753611066
1103,98.1905768671158
1104,60.83169309189543
1105,47.56168873750918
1106,59.60650667203999
1107,69.47007645327584
1108,16.33099919805813
1109,59.94585999498466
1110,31.361045207348965
1111,84.45839514896699
1112,119.83781669961357
1113,78.21873552503484
1114,32.05339700879488
1115,47.74648204055086
1116,39.58495583456486
1117,52.37361853356921
1118,89.79953625450338
1119,130.58925749962364
1120,116.08625269887
1121,92.52821028205592
1122,53.4149465819057
1123,91.55201395816871
1124,38.09540364473778
1125,49.54229038533252
1126,68.3402589360961
1127,52.84356888465617
1128,101.71654191563772
1129,120.75152758857043
1130,40.53216111696671
1131,37.21366448660244
1132,65.07421058941856
1133,74.4489297187617
1134,72.63867151015911
1135,76.97202105635027
1136,92.88311272455185
1137,89.08797648159918
1138,97.27480384942548
1139,109.23055724462269
1140,77.50067059145341
1141,56.42662741600978
1142,47.83440812278136
1143,80.08812373423876
1144,49.831664359578056
1145,46.529766486746254
1146,87.65795797950003
1147,89.76930771788098
1148,45.8459458021542
1149,58.11969518616957
1150,49.98840862243778
1151,50.998149592247906
1152,59.64734493689041
1153,59.88944182059057
1154,44.94448695832452
1155,75.39260850856496
1156,47.44950819758962
1157,71.62414986278418
1158,66.0030970787537
1159,79.2430368724426
1160,58.8669093965081
1161,61.220051771724286
1162,64.28247617584195
1163,79.40582760882499
1164,48.34185240663102
1165,30.72177510149639
1166,33.81530548496332
1167,137.22772216806658
1168,125.84417610203568
1169,102.82697393902097
1170,62.3729332086995
1171,45.90362124540493
1172,67.2864212512827
1173,144.34409786391737
1174,157.15179403290102
1175,81.88652626093385
1176,56.325721995027415
1177,54.276996895765926
1178,71.35828840800792
1179,21.24161038259401
1180,106.67433698693222
1181,43.494700456197194
1182,132.76585689050128
1183,67.42350563086836
1184,47.18506076220741
1185,78.93589236911684
1186,165.66920922538583
1187,112.35224233556018
1188,146.74365187315556
1189,93.48644384275784
1190,82.11916611297089
1191,67.99369274593766
1192,57.97306825703661
1193,43.626385571200096
1194,132.34152245907177
1195,86.70534021240654
1196,35.94436690758528
1197,54.11517463347741
1198,42.29903272846396
1199,89.7962849058316
1200,15.905874932025311
1201,86.60871054499114
1202,65.47292079970595
1203,116.77414171608943
1204,55.705057134295984
1205,66.47737779207597
1206,79.1184003687346
1207,58.89274675154105
1208,126.3604487804074
1209,83.1975908510608
1210,69.26034685906654
1211,60.53988261012551
1212,60.42631939861635
1213,35.47047175464586
1214,61.79797196566837
1215,131.29245323458142
1216,37.282247508574464
1217,28.881798897547338
1218,42.679122532323646
1219,135.12498514243026
1220,61.31575111832438
1221,43.95893068701303
1222,-14.213386316165936
1223,140.38433106066591
1224,48.37892396521488
1225,33.11185775491648
1226,96.85358447385994
1227,73.26671373058406
1228,151.4301469159235
1229,78.0511269255615
1230,163.54758757008332
1231,49.763873986097806
1232,49.24898526332406
1233,57.345080787254545
1234,92.28911001223176
1235,94.47797951607805
1236,141.28864380898855
1237,116.7343153127672
1238,61.35585277864854
1239,113.59643055586898
1240,103.4379090135296
1241,29.25541637011692
1242,36.34367883055982
1243,62.789971137253815
1244,43.23438460889536
1245,64.58663069009373
1246,37.27646470309935
1247,69.26219826043359
1248,56.42149348803642
1249,64.39939178081613
1250,91.90604771379464
1251,58.70395488607282
1252,51.29497462766881
1253,47.79478672668602
1254,50.831909473201286
1255,67.24326466896193
1256,137.5878415243083
1257,94.57322726777493
1258,52.74855729001317
1259,59.14998765109044
1260,45.318114114061146
1261,79.15685908870293
1262,74.24853260302423
1263,96.23980375892744
1264,53.083320910848805
1265,137.18605266079794
1266,100.3149865976541
1267,65.78826293862575
1268,89.21647013263484
1269,152.9052178268904
1270,60.845251181597106
1271,137.84749069843554
1272,164.76970487742662
1273,55.25772769535754
1274,109.56843309786058
1275,70.60506261328995
1276,156.74066824441866
1277,125.61707858120032
1278,42.409791998701785
1279,65.11378393544587
1280,79.03868831961951
1281,167.7165579120038
1282,131.4675783732677
1283,61.85971271836119
1284,109.16088041206534
1285,72.64122484718821
1286,81.33538413600284
1287,65.40122542731346
1288,46.56660819214532
1289,88.89892256648345
1290,51.92444899470159
1291,64.14910284879349
1292,133.90937432602388
1293,46.540150240468876
1294,92.55873633392018
1295,40.304799619626415
1296,60.45854646157191
1297,53.383567459235785
1298,159.98740113740098
1299,147.6094746553581
1300,55.34562896236162
1301,139.59527847339257
1302,149.74938653778062
1303,50.28373693688955
1304,104.5326954210648
1305,63.471749886903574
1306,78.87287099304967
1307,40.61394113982702
1308,57.679259448249816
1309,75.43806113602881
1310,156.63046774186995
1311,117.31197406381887
1312,158.0565612543621
1313,73.56384463588117
1314,66.72654671694137
1315,69.29394043347628
1316,66.24267379260584
1317,181.56969394584448
1318,65.52798914972696
1319,132.92823097015437
1320,54.451325418375
1321,98.49614760408252
1322,59.30967380790025
1323,131.12536808892386
1324,57.061658831665014
1325,61.33303337923046
1326,131.07171389127933
1327,67.52904167989371
1328,159.4120379589577
1329,46.66115128573687
1330,89.66119415352652
1331,116.64704402150777
1332,62.08699490969997
1333,100.1710845639441
1334,96.20684095666736
1335,71.75642065206739
1336,36.3641648147317
1337,50.81649569001119
1338,25.45150824091213
1339,74.043074522781
1340,126.78349231512293
1341,82.67733238291817
1342,131.19824594701856
1343,77.43522207527735
1344,90.44304742864462
1345,72.00889374292106
1346,90.13226958931354
1347,115.29285099020231
1348,86.05277736102656
1349,59.371392801973094
1350,83.80917779983818
1351,175.94215993201297
1352,85.9697763699539
1353,36.63976604817579
1354,103.85817564391932
1355,60.181877808635896
1356,65.29033643304582
1357,71.65096561872538
1358,65.6949391517195
1359,55.987457087643556
1360,59.06608491046713
1361,167.6384958828883
1362,58.4381596652526
1363,61.84643650036067
1364,121.00119600100298
1365,74.87521609342816
1366,132.11683346684686
1367,119.42290972745832
1368,88.05989019973276
1369,98.36149191484017
1370,53.826084404776864
1371,69.73964060911153
1372,103.79022650974005
1373,127.77153522339279
1374,169.42587989694138
1375,94.87363885244281
1376,47.614837053757455
1377,117.92974905830309
1378,73.69018708634854
1379,110.6594449762216
1380,72.6294273997032
1381,81.43148277553003
1382,95.91989927438809
1383,82.99391527236038
1384,127.62306149730189
1385,90.7343312056215
1386,65.90011654223945
1387,144.4277892344241
1388,141.49945932678133
1389,73.74658886990872
1390,121.51682287843789
1391,77.15774233934678
1392,162.54549693894646
1393,134.2849240593565
1394,52.38451570189937
1395,90.1959709856562
1396,98.96901627974063
1397,69.63494150572309
1398,113.6670329033422
1399,63.17944516575552
1400,95.54274156646785
1401,142.989796686014
1402,67.90741172886182
1403,103.51941529401165
1404,114.99309964309408
1405,73.19889488864379
1406,90.07920022494174
1407,46.053414686803
1408,44.660849894797025
1409,206.31170864040755
1410,128.53524260725266
1411,138.20264323902327
1412,70.90274646975622
1413,116.70067537132758
1414,69.86694515613064
1415,84.64141367211987
1416,63.947338957656754
1417,112.19914363679804
1418,86.42030547770393
1419,67.17334171320904
1420,119.43036597579534
1421,88.87007417450405
1422,80.0625797686258
1423,145.79965298546753
1424,178.53576562541107
1425,59.6016080076435
1426,168.4304401660187
1427,143.59294466218054
1428,69.52399081973718
1429,84.87861317373125
1430,100.25671741531184
1431,68.69496396387808
1432,60.95475620033928
1433,103.2493155055302
1434,84.84903358374758
1435,162.30819514733258
1436,161.18784492163317
1437,70.63713978966692
1438,156.97360209128757
1439,136.74414224509556
1440,148.04400631594993
1441,80.89859113614875
1442,177.78116712606436
1443,165.95429396028558
1444,135.03934280484603
1445,49.65391896860813
1446,140.14429188484723
1447,91.96500018694499
1448,162.12501254429174
1449,190.92923761820848
1450,98.18255996060192
1451,172.91927566226983
1452,174.88740979396255
1453,143.11409983820434
1454,57.665829205869855
1455,72.81514522355229
1456,70.6293339855243
1457,148.65922327742663
1458,139.4637711717116
1459,53.93546920127544
1460,67.57984078868239
1461,184.00235997291546
1462,142.37946348050895
1463,156.28417155482055
1464,66.87388082750238
1465,140.39302734467458
1466,115.6055976836031
1467,97.84661219205866
1468,140.75734698112686
1469,131.7410876407381
1470,80.97303069081946
1471,55.533737039594335
1472,57.78091212641438
1473,97.51993022732175
1474,71.33107279432024
1475,140.07251557244138
1476,154.3429871587729
1477,79.797499112692
1478,110.66433381624077
1479,144.4596773434166
1480,92.4302167446308
1481,90.6708787914417
1482,147.55712874344172
1483,65.65720407527866
1484,70.08492130151258
1485,62.86036275113103
1486,92.95232360706868
1487,155.72192869223076
1488,62.00016698344596
1489,157.34890298206693
1490,70.07523518381969
1491,99.33378502739372
1492,155.35025116916955
1493,127.06102539353189
1494,66.73681377758852
1495,70.14683790414668
1496,73.76636856054472
1497,79.91326895989837
1498,173.56069247414953
1499,170.4376309888349
1500,87.4180019078981
1501,73.02630552056249
1502,63.757697519325305
1503,165.06295123043384
1504,90.43910623688619
1505,167.69993113523722
1506,190.14170604795495
1507,110.17400574508548
1508,85.89500281216331
1509,118.54332011542581
1510,84.22193943418607
1511,63.413956259102555
1512,95.73985905466728
1513,77.38717362432914
1514,45.808202446689734
1515,161.07752528210543
1516,176.54401215068094
1517,189.47881687122634
1518,78.69905833693178
1519,117.57363411495545
1520,94.89694873705324
1521,117.85340346622426
1522,160.07662831425344
1523,150.77996027046487
1524,126.1479965880372
1525,69.22876773673823
1526,185.73434769036422
1527,146.5230386031322
1528,95.42598420052157
1529,106.64791808416891
1530,124.99806893116832
1531,101.0058517907351
1532,111.5724780513311
1533,83.94364040583166
1534,191.57617363008313
1535,77.70774521203629
1536,147.51498760481869
1537,117.01792390320558
1538,107.71400340452783
1539,166.60032283505987
1540,123.03386646143878
1541,168.78317280408356
1542,71.86224862521706
1543,130.77511055886114
1544,146.2507318924242
1545,173.23188021564624
1546,150.58579712334625
1547,127.41159239483403
1548,57.28249918968464
1549,197.298522822272
1550,170.54289846814035
1551,164.3901307050272
1552,107.67364894634972
1553,122.62724008205339
1554,75.50196753252523
1555,91.60152941479116
1556,114.3789944530933
1557,173.3999149328071
1558,70.99724390173158
1559,82.02474193072237
1560,112.38363215968967
1561,133.5934379255487
1562,124.40888419822006
1563,63.75211880998329
1564,209.4590250697694
1565,159.92130815980505
1566,138.54206961483823
1567,74.11656376469844
1568,110.13363607490002
1569,79.88792859346937
1570,126.91372768609823
1571,75.40035692937711
1572,118.6999948251504
1573,91.74263414393464
1574,178.76878667841777
1575,76.86600177689512
1576,81.36289004721036
1577,71.28864088257518
1578,119.87369905898386
1579,102.26213565702899
1580,171.71795653264047
1581,74.84161819243829
1582,120.52282633246601
1583,139.359438956126
1584,202.90138356388084
1585,135.60743817574075
1586,208.74866480592078
1587,158.5676308642467
1588,134.34547049962262
1589,113.75386196598083
1590,155.20341780439398
1591,146.33694477202596
1592,121.20418733500684
1593,79.47496816798669
1594,85.44905829988446
1595,145.9264908537117
1596,149.44878455743066
1597,65.82433410075488
1598,129.7346976162065
1599,81.74063969495097
1600,77.57920441673042
1601,73.48637380820317
1602,156.8935985038909
1603,81.01177957938738
1604,188.96566274963754
1605,144.94579926120997
1606,106.60540840420612
1607,156.1906552943528
1608,206.46157760790348
1609,170.26345426305997
1610,77.36351131711625
1611,197.8963008961026
1612,88.3361936389594
1613,122.90280112709978
1614,92.03332987870377
1615,158.80644647977383
1616,126.00954711617958
1617,130.997088408259
1618,80.98276671091081
1619,81.61460187154006
1620,151.53886951138736
1621,147.07988528515858
1622,79.89976496320077
1623,150.8997623299435
1624,138.70347709603155
1625,79.0422863088391
1626,139.24857261842837
1627,165.05970371710671
1628,117.58965143084917
1629,98.82618149644635
1630,129.95483003133253
1631,198.76061017162138
1632,174.82083237927444
1633,182.0728622797686
1634,201.13577915848933
1635,118.84692252044175
1636,61.067017851744744
1637,177.65376419863665
1638,117.27098865493296
1639,154.32858827145756
1640,118.97671672504511
1641,116.56100964951469
1642,130.87831632833786
1643,74.27279982761456
1644,143.5584696370212
1645,84.24309078322179
1646,161.03862682109664
1647,99.39666568336115
1648,112.84157317387495
1649,125.21348912719358
1650,198.60618135984882
1651,188.8345591335328
1652,203.38005657331325
1653,124.52230846819796
1654,175.4805664130036
1655,96.27059158321195
1656,86.76433743060639
1657,145.16022299415658
1658,131.50092228772954
1659,136.6335657722658
1660,146.79375457669224
1661,115.49320029171713
1662,76.15146421294243
1663,105.94267681629846
1664,83.57181661211747
1665,78.31891809153703
1666,162.8606408964963
1667,133.82475692911737
1668,147.89808347817828
1669,89.21365294015452
1670,38.92874944804537
1671,89.2550943032136
1672,163.8182910013667
1673,82.49029486445282
1674,81.304735815472
1675,142.53198821975357
1676,106.47353863068221
1677,86.32024880118132
1678,154.1285453980065
1679,167.5276330776164
1680,72.88414787642144
1681,84.86611018776969
1682,127.68796879664696
1683,70.74522886712235
1684,93.12059419369791
1685,121.60032539575701
1686,179.53196316971656
1687,162.00408429147197
1688,104.81348337655521
1689,125.90857501268597
1690,129.7721811519817
1691,99.02319308059504
1692,138.7329873188073
1693,91.64754981386032
1694,143.61478608307513
1695,78.09048136609661
1696,186.70650483078174
1697,97.02080044371836
1698,72.4184289360035
1699,136.26683977875433
1700,69.12070194328514
1701,174.87038997118182
1702,172.28771359203398
1703,184.11665579813345
1704,100.94071809948747
1705,85.39885986625839
1706,113.97111798027836
1707,122.30132423203342
1708,177.01778981928047
1709,58.35998323705318
1710,127.86335394949552
1711,178.7829491249161
1712,173.03184096460544
1713,66.26679180779395
1714,193.83953284810528
1715,68.0397707301522
1716,209.0901696688983
1717,89.20088614316283
1718,89.92595538366457
1719,172.26551310983936
1720,200.9313776310028
1721,83.04132685106687
1722,199.58424539181425
1723,83.03905005176816
1724,199.4899264538466
1725,75.14082387944212
1726,172.16777321211612
1727,123.38589950049592
1728,164.34254574307133
1729,76.30110668341202
1730,85.65655122448347
1731,157.20933618206178
1732,146.3247913127575
1733,135.34998835029006
1734,67.48610758650275
1735,85.0314406351318
1736,86.58083387100471
1737,136.50164828360192
1738,62.706190564607695
1739,119.46356157722136
1740,209.7935070818566
1741,89.0242236865778
1742,95.50789328899246
1743,179.19205612035955
1744,181.96546693942057
1745,188.30511687474848
1746,87.65765300963105
1747,79.30106090374349
1748,153.45031415534197
1749,115.72275280753935
1750,68.49461316539755
1751,66.70148305703533
1752,170.52532900243943
1753,192.75467267580655
1754,76.44682609566513
1755,188.74721819116564
1756,161.36336842279655
1757,67.59324461388641
1758,170.76616897612266
1759,128.14115518688266
1760,179.20707048908034
1761,169.7092584207552
1762,59.041682045050266
1763,153.09326958374245
1764,78.43438102344275
1765,183.42993124282398
1766,178.9806259746781
1767,81.48867734852125
1768,136.87367275863593
1769,198.91564644523206
1770,145.5936776769338
1771,85.81773645391478
1772,64.21303098767027
1773,83.55103881688201
1774,85.74849996061883
1775,49.94507235747753
1776,208.0691566851023
1777,130.04458928022953
1778,199.1587244313845
1779,80.35104964794638
1780,157.44104543400408
1781,93.68470386226797
1782,185.08429706086054
1783,119.91552465060599
1784,62.16143140461686
1785,103.38374713478383
1786,207.91134397696834
1787,207.39721774020998
1788,213.240311523741
1789,78.68452493453275
1790,187.20194856970662
1791,95.8131002057259
1792,142.2565363154854
1793,182.9448557941334
1794,195.1276923212842
1795,76.35965206023654
1796,217.70703696326848
1797,74.88119586365745
1798,67.30590497927005
1799,90.69384043977277
1800,75.06412133986858
1801,150.42664636363727
1802,119.24962819565457
1803,85.38087060901192
1804,97.02613707055666
1805,190.63460774712732
1806,176.99260417062544
1807,95.7143349307446
1808,96.46235394917629
1809,129.0625416249559
1810,66.96311756186157
1811,71.67906997145207
1812,65.61860332397842
1813,124.97252207138014
1814,114.68345715355751
1815,177.9491158760437
1816,65.43251980662919
1817,92.82538650138444
1818,188.72268441021436
1819,94.25247038738104
1820,184.44118480000841
1821,96.13994023890825
1822,97.39159167041164
1823,70.61647500064728
1824,67.68812681366119
1825,226.089883755316
1826,67.62280366338865
1827,115.37513595356064
1828,106.3319961861772
1829,67.6344965937642
1830,198.69668802856592
1831,168.98792074831093
1832,188.73163687808497
1833,144.91078827381426
1834,84.02676667438254
1835,98.6401173634831
1836,195.79479905405324
1837,198.71682250398067
1838,101.29751575235314
1839,88.49526158139123
1840,175.92135199492483
1841,198.58821004826794
1842,99.66328793866347
1843,219.488130594449
1844,182.6459792130693
1845,89.86009820797258
1846,174.30077612477987
1847,186.38811284051454
1848,92.80392801518859
1849,208.30637175246144
1850,72.06556817027028
1851,78.56389819980272
1852,201.6432308750394
1853,94.15918310740473
1854,69.47130764109511
1855,193.92061950344242
1856,212.26027909072326
1857,150.41798587196766
1858,157.18065422270513
1859,91.49136609640783
1860,75.4834103286474
1861,92.70885777524387
1862,204.89992272084484
1863,127.83156300156885
1864,83.04295886147375
1865,98.78925393378955
1866,214.041217585904
1867,99.22384863445501
1868,160.80333546305295
1869,172.93935083902437
1870,76.89982549130961
1871,215.1379991580811
1872,95.51391226487972
1873,202.41182329039844
1874,99.26954675499269
1875,177.72639741102114
1876,73.38533109218511
1877,93.21844860673735
1878,93.19238326552993
1879,89.08879442513671
1880,211.81839184107542
1881,92.50756120897508
1882,90.9077020803896
1883,214.64380135680338
1884,108.53557705591199
1885,88.275829974117
1886,196.66330243204104
1887,87.95843420451486
1888,195.57517636667004
1889,92.15772345888398
1890,181.87912075656985
1891,227.690069642099
1892,209.63534699905267
1893,98.47315389627477
1894,71.83486875009852
1895,84.88459666263856
1896,172.48218885404566
1897,183.7198703084268
1898,86.83242420444654
1899,72.27033581753787
1900,157.09696427748753
1901,233.35671608351072
1902,72.87690921440745
1903,94.92117355739833
1904,230.38807056916147
1905,147.11388395591413
1906,81.5071815712666
1907,197.7564934829381
1908,70.84367804584463
1909,59.40161520407632
1910,197.41025845336273
1911,213.8965410131342
1912,207.16768315015855
1913,209.87675079157265
1914,77.13662637138776
1915,108.08213943706987
1916,87.84347215448295
1917,216.41663277082932
1918,71.19127791194734
1919,211.65457975791054
1920,203.1323349700431
1921,151.5482354787179
1922,105.76771277907925
1923,103.63451875705337
1924,98.12237505326068
1925,105.15774641110322
1926,144.80390990755635
1927,221.86873599066112
1928,71.64115401876298
1929,99.32644133158466
1930,201.5778014715566
1931,97.02470275880063
1932,74.21913583934833
1933,98.45166116037585
1934,226.18294409996585
1935,209.37591325106524
1936,216.87442265457096
1937,153.98006763493913
1938,198.89503868585348
1939,95.65049192758002
1940,208.86283617471108
1941,120.87765517011142
1942,102.83016654952583
1943,96.03895103886077
1944,96.1000944910977
1945,69.44210307434541
1946,211.91260878251651
1947,184.93856100118765
1948,71.14215986281297
1949,192.89493175848546
1950,157.91307319900946
1951,114.97236827247328
1952,76.38208346259283
1953,225.59991959446216
1954,68.06036038629686
1955,190.60654936614108
1956,109.13695408821347
1957,158.09089761244218
1958,193.46018862214663
1959,229.01117602052327
1960,78.13697802676776
1961,107.14809719458754
1962,74.8141304848839
1963,99.19845949706952
1964,97.30029119864474
1965,212.9415663182968
1966,91.57367619594271
1967,228.84353230119564
1968,72.16893542360964
1969,101.16719002662063
1970,221.19125447104483
1971,225.28717306973778
1972,223.22297536405858
1973,72.71176280788931
1974,93.69018617203827
1975,117.70907042483016
1976,220.35012703584718
1977,221.38975129286422
1978,202.3795434273709
1979,100.66811041794541
1980,161.73011514352152
1981,218.7464813166691
1982,232.27389339464546
1983,227.63334796527488
1984,199.32202150002206
1985,82.36807902947015
1986,220.58438195729818
1987,93.34651147897335
1988,187.24685929491952
1989,219.02443708100256
1990,103.21511435841772
1991,97.33118609620212
1992,104.17107279429108
1993,75.35200405567196
1994,106.87564554535649
1995,215.24579566200924
1996,226.31631574998585
1997,104.76712533450544
1998,218.0341343019616
1999,146.46792958456274
